size,drugs,rho_fix,rho_low_upper,rho_low_lower,gain,log10_dilution_window,period,witness,best_fixed_drug,D_low,D_high,margin,verdict
3,SAM+CPD+TZP,1.899806,1.573385,1.375719,1.207464,0.081874,6,SAM->CPD->TZP->CPD->TZP->CPD,CPD,1.573385,1.899806,-0.364428,ORDER MATTERS AT SOME DILUTION (proved)
2,CPD+TZP,1.899806,1.688574,1.375719,1.125095,0.051189,8,CPD->TZP->CPD->TZP->TZP->CPD->TZP->TZP,CPD,1.688574,1.899806,-0.407784,ORDER MATTERS AT SOME DILUTION (proved)
3,CXM+CPD+TZP,1.899806,1.688574,1.375719,1.125095,0.051189,8,CPD->TZP->CPD->TZP->TZP->CPD->TZP->TZP,CPD,1.688574,1.899806,-0.407784,ORDER MATTERS AT SOME DILUTION (proved)
3,CTT+CPD+TZP,1.899806,1.688574,1.375719,1.125095,0.051189,8,CPD->TZP->CPD->TZP->TZP->CPD->TZP->TZP,CPD,1.688574,1.899806,-0.407784,ORDER MATTERS AT SOME DILUTION (proved)
3,CXM+SAM+TZP,1.90131,1.695959,1.418206,1.121083,0.049638,5,CXM->TZP->SAM->SAM->SAM,CXM,1.695959,1.90131,-0.410363,ORDER MATTERS AT SOME DILUTION (proved)
3,CRO+SAM+TZP,1.884441,1.683262,1.398777,1.119517,0.049031,8,CRO->TZP->SAM->SAM->SAM->SAM->SAM->TZP,CRO,1.683262,1.884441,-0.405915,ORDER MATTERS AT SOME DILUTION (proved)
3,CRO+CPD+TZP,1.884441,1.687346,1.375719,1.116808,0.047979,7,CRO->TZP->CPD->TZP->TZP->CPD->TZP,CRO,1.687346,1.884441,-0.407353,ORDER MATTERS AT SOME DILUTION (proved)
3,CRO+TZP+FEP,1.875566,1.681776,1.398777,1.115229,0.047364,5,CRO->FEP->FEP->TZP->FEP,FEP,1.681776,1.875566,-0.405391,ORDER MATTERS AT SOME DILUTION (proved)
3,CPD+TZP+FEP,1.875566,1.688124,1.375719,1.111036,0.045728,8,CPD->TZP->FEP->TZP->CPD->FEP->TZP->FEP,FEP,1.688124,1.875566,-0.407627,ORDER MATTERS AT SOME DILUTION (proved)
3,CEC+ZOX+SAM,1.680736,1.52311,1.337639,1.10349,0.042768,8,CEC->ZOX->CEC->SAM->ZOX->CEC->ZOX->SAM,CEC,1.52311,1.680736,-0.343449,ORDER MATTERS AT SOME DILUTION (proved)
3,CXM+TZP+FEP,1.875566,1.701769,1.418206,1.102127,0.042232,7,CXM->FEP->TZP->FEP->CXM->FEP->FEP,FEP,1.701769,1.875566,-0.412376,ORDER MATTERS AT SOME DILUTION (proved)
3,AMP+CPD+TZP,1.739171,1.59287,1.371241,1.091847,0.038162,8,AMP->AMP->CPD->TZP->AMP->AMP->CPD->TZP,AMP,1.59287,1.739171,-0.372202,ORDER MATTERS AT SOME DILUTION (proved)
3,AMP+CRO+TZP,1.739171,1.595626,1.371241,1.089961,0.037411,8,AMP->AMP->TZP->AMP->AMP->TZP->AMP->CRO,AMP,1.595626,1.739171,-0.373287,ORDER MATTERS AT SOME DILUTION (proved)
3,AMP+ZOX+TZP,1.695183,1.556064,1.37058,1.089404,0.037189,6,AMP->ZOX->ZOX->TZP->ZOX->ZOX,ZOX,1.556064,1.695183,-0.357353,ORDER MATTERS AT SOME DILUTION (proved)
2,SAM+TZP,1.91527,1.758594,1.418206,1.089092,0.037064,2,SAM->TZP,TZP,1.758594,1.91527,-0.431364,ORDER MATTERS AT SOME DILUTION (proved)
3,CTT+SAM+TZP,1.91527,1.758594,1.418206,1.089092,0.037064,2,SAM->TZP,TZP,1.758594,1.91527,-0.431364,ORDER MATTERS AT SOME DILUTION (proved)
3,AMP+CEC+SAM,1.680736,1.545039,1.337639,1.087827,0.03656,8,AMP->AMP->AMP->AMP->CEC->SAM->CEC->CEC,CEC,1.545039,1.680736,-0.352767,ORDER MATTERS AT SOME DILUTION (proved)
2,AMP+TZP,1.739171,1.59893,1.371241,1.087709,0.036513,6,AMP->AMP->AMP->AMP->AMP->TZP,AMP,1.59893,1.739171,-0.374582,ORDER MATTERS AT SOME DILUTION (proved)
3,AMP+CXM+TZP,1.739171,1.59893,1.371241,1.087709,0.036513,6,AMP->AMP->AMP->AMP->AMP->TZP,AMP,1.59893,1.739171,-0.374582,ORDER MATTERS AT SOME DILUTION (proved)
3,AMP+CAZ+TZP,1.739171,1.59893,1.371241,1.087709,0.036513,6,AMP->AMP->AMP->AMP->AMP->TZP,AMP,1.59893,1.739171,-0.374582,ORDER MATTERS AT SOME DILUTION (proved)
3,AMP+CTT+TZP,1.739171,1.59893,1.371241,1.087709,0.036513,6,AMP->AMP->AMP->AMP->AMP->TZP,AMP,1.59893,1.739171,-0.374582,ORDER MATTERS AT SOME DILUTION (proved)
3,AMP+SAM+TZP,1.739171,1.59893,1.371241,1.087709,0.036513,6,AMP->AMP->AMP->AMP->AMP->TZP,AMP,1.59893,1.739171,-0.374582,ORDER MATTERS AT SOME DILUTION (proved)
3,AMP+TZP+FEP,1.739171,1.59893,1.371241,1.087709,0.036513,6,AMP->AMP->AMP->AMP->AMP->TZP,AMP,1.59893,1.739171,-0.374582,ORDER MATTERS AT SOME DILUTION (proved)
2,ZOX+TZP,1.695183,1.559193,1.37058,1.087218,0.036317,6,ZOX->ZOX->ZOX->ZOX->ZOX->TZP,ZOX,1.559193,1.695183,-0.358642,ORDER MATTERS AT SOME DILUTION (proved)
3,ZOX+CXM+TZP,1.695183,1.559193,1.37058,1.087218,0.036317,6,ZOX->ZOX->ZOX->ZOX->ZOX->TZP,ZOX,1.559193,1.695183,-0.358642,ORDER MATTERS AT SOME DILUTION (proved)
3,ZOX+CRO+TZP,1.695183,1.559193,1.37058,1.087218,0.036317,6,ZOX->ZOX->ZOX->ZOX->ZOX->TZP,ZOX,1.559193,1.695183,-0.358642,ORDER MATTERS AT SOME DILUTION (proved)
3,ZOX+CAZ+TZP,1.695183,1.559193,1.37058,1.087218,0.036317,6,ZOX->ZOX->ZOX->ZOX->ZOX->TZP,ZOX,1.559193,1.695183,-0.358642,ORDER MATTERS AT SOME DILUTION (proved)
3,ZOX+CTT+TZP,1.695183,1.559193,1.37058,1.087218,0.036317,6,ZOX->ZOX->ZOX->ZOX->ZOX->TZP,ZOX,1.559193,1.695183,-0.358642,ORDER MATTERS AT SOME DILUTION (proved)
3,ZOX+SAM+TZP,1.695183,1.559193,1.37058,1.087218,0.036317,6,ZOX->ZOX->ZOX->ZOX->ZOX->TZP,ZOX,1.559193,1.695183,-0.358642,ORDER MATTERS AT SOME DILUTION (proved)
3,ZOX+CPD+TZP,1.695183,1.559193,1.37058,1.087218,0.036317,6,ZOX->ZOX->ZOX->ZOX->ZOX->TZP,ZOX,1.559193,1.695183,-0.358642,ORDER MATTERS AT SOME DILUTION (proved)
3,ZOX+TZP+FEP,1.695183,1.559193,1.37058,1.087218,0.036317,6,ZOX->ZOX->ZOX->ZOX->ZOX->TZP,ZOX,1.559193,1.695183,-0.358642,ORDER MATTERS AT SOME DILUTION (proved)
3,CEC+ZOX+TZP,1.680736,1.549705,1.337639,1.084552,0.03525,5,CEC->ZOX->ZOX->TZP->ZOX,CEC,1.549705,1.680736,-0.354716,ORDER MATTERS AT SOME DILUTION (proved)
3,CTT+SAM+CPD,1.899806,1.756234,1.375719,1.08175,0.034127,5,CTT->CTT->SAM->CTT->CPD,CPD,1.756234,1.899806,-0.4306,ORDER MATTERS AT SOME DILUTION (proved)
3,AMP+CEC+TZP,1.680736,1.554377,1.337639,1.081292,0.033943,8,AMP->AMP->AMP->CEC->AMP->AMP->TZP->CEC,CEC,1.554377,1.680736,-0.356655,ORDER MATTERS AT SOME DILUTION (proved)
2,CTT+SAM,1.970519,1.830596,1.463415,1.076436,0.031988,7,CTT->SAM->CTT->SAM->CTT->SAM->SAM,SAM,1.830596,1.970519,-0.45373,ORDER MATTERS AT SOME DILUTION (proved)
3,AMP+CEC+CTT,1.680736,1.561681,1.337639,1.076235,0.031907,8,AMP->AMP->CEC->AMP->CEC->AMP->AMP->CTT,CEC,1.561681,1.680736,-0.359664,ORDER MATTERS AT SOME DILUTION (proved)
3,CXM+CTT+SAM,1.90131,1.778737,1.463415,1.06891,0.028941,8,CXM->CTT->SAM->CTT->SAM->CTT->SAM->CTT,CXM,1.778737,1.90131,-0.437803,ORDER MATTERS AT SOME DILUTION (proved)
3,SAM+TZP+FEP,1.875566,1.754823,1.418206,1.068807,0.028899,7,SAM->FEP->FEP->FEP->FEP->FEP->TZP,FEP,1.754823,1.875566,-0.430142,ORDER MATTERS AT SOME DILUTION (proved)
2,TZP+FEP,1.875566,1.756724,1.418206,1.06765,0.028429,8,TZP->FEP->FEP->FEP->FEP->FEP->FEP->FEP,FEP,1.756724,1.875566,-0.430759,ORDER MATTERS AT SOME DILUTION (proved)
3,CTT+TZP+FEP,1.875566,1.756724,1.418206,1.06765,0.028429,8,TZP->FEP->FEP->FEP->FEP->FEP->FEP->FEP,FEP,1.756724,1.875566,-0.430759,ORDER MATTERS AT SOME DILUTION (proved)
2,CRO+TZP,1.884441,1.76648,1.398777,1.066777,0.028074,8,CRO->CRO->CRO->CRO->CRO->CRO->CRO->TZP,CRO,1.76648,1.884441,-0.433902,ORDER MATTERS AT SOME DILUTION (proved)
3,CXM+CRO+TZP,1.884441,1.76648,1.398777,1.066777,0.028074,8,CRO->CRO->CRO->CRO->CRO->CRO->CRO->TZP,CRO,1.76648,1.884441,-0.433902,ORDER MATTERS AT SOME DILUTION (proved)
3,CRO+CTT+TZP,1.884441,1.76648,1.398777,1.066777,0.028074,8,CRO->CRO->CRO->CRO->CRO->CRO->CRO->TZP,CRO,1.76648,1.884441,-0.433902,ORDER MATTERS AT SOME DILUTION (proved)
3,CXM+CTT+FEP,1.875566,1.759938,1.508983,1.0657,0.027635,7,CXM->CTT->FEP->CTT->FEP->FEP->CTT,FEP,1.759938,1.875566,-0.431798,ORDER MATTERS AT SOME DILUTION (proved)
3,CEC+ZOX+CTT,1.680736,1.577288,1.337639,1.065586,0.027588,6,CEC->ZOX->ZOX->CEC->ZOX->CTT,CEC,1.577288,1.680736,-0.366,ORDER MATTERS AT SOME DILUTION (proved)
2,CXM+TZP,1.90131,1.784979,1.418206,1.065173,0.02742,8,CXM->CXM->CXM->CXM->CXM->CXM->CXM->TZP,CXM,1.784979,1.90131,-0.439769,ORDER MATTERS AT SOME DILUTION (proved)
3,CXM+CTT+TZP,1.90131,1.784979,1.418206,1.065173,0.02742,8,CXM->CXM->CXM->CXM->CXM->CXM->CXM->TZP,CXM,1.784979,1.90131,-0.439769,ORDER MATTERS AT SOME DILUTION (proved)
3,CEC+SAM+CPD,1.680736,1.57977,1.337639,1.063912,0.026906,6,CEC->SAM->CEC->SAM->CEC->CPD,CEC,1.57977,1.680736,-0.366996,ORDER MATTERS AT SOME DILUTION (proved)
3,CTX+SAM+TZP,1.604193,1.508459,1.217024,1.063465,0.026723,8,CTX->CTX->SAM->CTX->CTX->TZP->CTX->TZP,CTX,1.508459,1.604193,-0.337072,ORDER MATTERS AT SOME DILUTION (proved)
3,CTT+CPD+FEP,1.875566,1.766439,1.375719,1.061778,0.026034,8,CTT->CPD->CTT->FEP->CTT->FEP->CTT->FEP,FEP,1.766439,1.875566,-0.433889,ORDER MATTERS AT SOME DILUTION (proved)
3,CEC+CTX+SAM,1.604193,1.511759,1.217024,1.061143,0.025774,7,CEC->CTX->CTX->CEC->CTX->SAM->CTX,CTX,1.511759,1.604193,-0.338519,ORDER MATTERS AT SOME DILUTION (proved)
3,CRO+CTT+CPD,1.884441,1.78096,1.375719,1.058104,0.024528,6,CRO->CTT->CRO->CTT->CPD->CTT,CRO,1.78096,1.884441,-0.438505,ORDER MATTERS AT SOME DILUTION (proved)
3,AMP+CEC+CXM,1.680736,1.588881,1.337639,1.057811,0.024408,4,AMP->AMP->CXM->CEC,CEC,1.588881,1.680736,-0.370626,ORDER MATTERS AT SOME DILUTION (proved)
2,CXM+SAM,1.90131,1.798073,1.463415,1.057416,0.024246,8,CXM->CXM->CXM->CXM->CXM->CXM->CXM->SAM,CXM,1.798073,1.90131,-0.443849,ORDER MATTERS AT SOME DILUTION (proved)
3,CXM+SAM+CPD,1.899806,1.798073,1.375719,1.056579,0.023902,8,CXM->CXM->CXM->CXM->CXM->CXM->CXM->SAM,CPD,1.798073,1.899806,-0.443849,ORDER MATTERS AT SOME DILUTION (proved)
3,CRO+CTT+SAM,1.884441,1.787883,1.398777,1.054007,0.022843,6,CRO->CTT->SAM->CTT->SAM->CTT,CRO,1.787883,1.884441,-0.440679,ORDER MATTERS AT SOME DILUTION (proved)
2,CXM+CRO,1.884441,1.788176,1.398777,1.053834,0.022772,8,CXM->CXM->CXM->CXM->CXM->CXM->CXM->CRO,CRO,1.788176,1.884441,-0.440771,ORDER MATTERS AT SOME DILUTION (proved)
3,CXM+CRO+CTT,1.884441,1.788176,1.398777,1.053834,0.022772,8,CXM->CXM->CXM->CXM->CXM->CXM->CXM->CRO,CRO,1.788176,1.884441,-0.440771,ORDER MATTERS AT SOME DILUTION (proved)
3,CXM+CRO+SAM,1.884441,1.788176,1.398777,1.053834,0.022772,8,CXM->CXM->CXM->CXM->CXM->CXM->CXM->CRO,CRO,1.788176,1.884441,-0.440771,ORDER MATTERS AT SOME DILUTION (proved)
3,CXM+CRO+CPD,1.884441,1.788176,1.375719,1.053834,0.022772,8,CXM->CXM->CXM->CXM->CXM->CXM->CXM->CRO,CRO,1.788176,1.884441,-0.440771,ORDER MATTERS AT SOME DILUTION (proved)
3,CAZ+CPD+TZP,1.775229,1.688574,1.375719,1.051318,0.021734,8,CPD->TZP->CPD->TZP->TZP->CPD->TZP->TZP,CAZ,1.688574,1.775229,-0.407784,ORDER MATTERS AT SOME DILUTION (proved)
3,CEC+CPD+TZP,1.680736,1.599588,1.337639,1.050731,0.021491,8,CEC->CEC->CEC->CEC->CEC->CEC->CPD->TZP,CEC,1.599588,1.680736,-0.374839,ORDER MATTERS AT SOME DILUTION (proved)
2,CXM+FEP,1.875566,1.787397,1.508983,1.049328,0.020911,8,CXM->CXM->CXM->CXM->CXM->CXM->CXM->FEP,FEP,1.787397,1.875566,-0.440527,ORDER MATTERS AT SOME DILUTION (proved)
3,CXM+CRO+FEP,1.875566,1.787397,1.398777,1.049328,0.020911,8,CXM->CXM->CXM->CXM->CXM->CXM->CXM->FEP,FEP,1.787397,1.875566,-0.440527,ORDER MATTERS AT SOME DILUTION (proved)
3,CXM+SAM+FEP,1.875566,1.787397,1.463415,1.049328,0.020911,8,CXM->CXM->CXM->CXM->CXM->CXM->CXM->FEP,FEP,1.787397,1.875566,-0.440527,ORDER MATTERS AT SOME DILUTION (proved)
3,CXM+CPD+FEP,1.875566,1.787397,1.375719,1.049328,0.020911,8,CXM->CXM->CXM->CXM->CXM->CXM->CXM->FEP,FEP,1.787397,1.875566,-0.440527,ORDER MATTERS AT SOME DILUTION (proved)
3,CRO+CTT+FEP,1.875566,1.787684,1.398777,1.04916,0.020842,8,CRO->CTT->FEP->FEP->CTT->FEP->FEP->CTT,FEP,1.787684,1.875566,-0.440617,ORDER MATTERS AT SOME DILUTION (proved)
3,CRO+CAZ+TZP,1.775229,1.696716,1.398777,1.046273,0.019645,6,CRO->CAZ->TZP->TZP->CAZ->TZP,CAZ,1.696716,1.775229,-0.410626,ORDER MATTERS AT SOME DILUTION (proved)
2,CTT+FEP,1.875566,1.795883,1.625181,1.04437,0.018854,8,CTT->FEP->CTT->FEP->FEP->CTT->FEP->FEP,FEP,1.795883,1.875566,-0.443171,ORDER MATTERS AT SOME DILUTION (proved)
3,CTT+SAM+FEP,1.875566,1.795883,1.463415,1.04437,0.018854,8,CTT->FEP->CTT->FEP->FEP->CTT->FEP->FEP,FEP,1.795883,1.875566,-0.443171,ORDER MATTERS AT SOME DILUTION (proved)
3,CEC+ZOX+CXM,1.680736,1.609574,1.337639,1.044211,0.018788,3,CEC->CXM->ZOX,CEC,1.609574,1.680736,-0.378718,ORDER MATTERS AT SOME DILUTION (proved)
3,AM+AMC+CPR,1.453888,1.392459,1.244503,1.044116,0.018749,6,AM->AMC->AMC->AMC->AMC->CPR,AMC,1.392459,1.453888,-0.281846,ORDER MATTERS AT SOME DILUTION (proved)
3,AM+CEC+CTX,1.552765,1.48776,1.217024,1.043693,0.018573,8,AM->AM->CEC->AM->CTX->AM->AM->CTX,AM,1.48776,1.552765,-0.327849,ORDER MATTERS AT SOME DILUTION (proved)
3,CEC+CAZ+TZP,1.680736,1.610719,1.337639,1.043469,0.01848,8,CEC->CEC->CEC->CEC->CEC->CEC->CAZ->TZP,CEC,1.610719,1.680736,-0.379159,ORDER MATTERS AT SOME DILUTION (proved)
3,AM+CTX+TZP,1.552765,1.489727,1.217024,1.042315,0.017999,8,AM->CTX->AM->CTX->AM->CTX->TZP->CTX,AM,1.489727,1.552765,-0.328736,ORDER MATTERS AT SOME DILUTION (proved)
3,AM+CEC+SAM,1.552765,1.4911,1.337639,1.041356,0.017599,6,AM->AM->AM->AM->SAM->CEC,AM,1.4911,1.552765,-0.329354,ORDER MATTERS AT SOME DILUTION (proved)
3,CXM+CAZ+SAM,1.775229,1.704858,1.463415,1.041277,0.017566,8,CXM->CAZ->CAZ->CAZ->SAM->CAZ->CAZ->CAZ,CAZ,1.704858,1.775229,-0.413441,ORDER MATTERS AT SOME DILUTION (proved)
3,AMP+AM+CEC,1.552765,1.491736,1.337639,1.040911,0.017414,8,AMP->AM->AM->AM->CEC->AM->AM->AM,AM,1.491736,1.552765,-0.32964,ORDER MATTERS AT SOME DILUTION (proved)
3,AMP+CTX+TZP,1.604193,1.541161,1.217024,1.040899,0.017408,5,AMP->AMP->AMP->TZP->CTX,CTX,1.541161,1.604193,-0.351139,ORDER MATTERS AT SOME DILUTION (proved)
3,CTX+AMC+CPR,1.453888,1.397223,1.217024,1.040556,0.017265,8,CTX->AMC->AMC->AMC->CPR->AMC->AMC->AMC,AMC,1.397223,1.453888,-0.284295,ORDER MATTERS AT SOME DILUTION (proved)
2,AMC+CPR,1.453888,1.398063,1.244503,1.039931,0.017004,8,AMC->AMC->AMC->AMC->AMC->AMC->AMC->CPR,AMC,1.398063,1.453888,-0.284725,ORDER MATTERS AT SOME DILUTION (proved)
3,AMP+AMC+CPR,1.453888,1.398063,1.244503,1.039931,0.017004,8,AMC->AMC->AMC->AMC->AMC->AMC->AMC->CPR,AMC,1.398063,1.453888,-0.284725,ORDER MATTERS AT SOME DILUTION (proved)
3,CEC+AMC+CPR,1.453888,1.398063,1.244503,1.039931,0.017004,8,AMC->AMC->AMC->AMC->AMC->AMC->AMC->CPR,AMC,1.398063,1.453888,-0.284725,ORDER MATTERS AT SOME DILUTION (proved)
3,ZOX+AMC+CPR,1.453888,1.398063,1.244503,1.039931,0.017004,8,AMC->AMC->AMC->AMC->AMC->AMC->AMC->CPR,AMC,1.398063,1.453888,-0.284725,ORDER MATTERS AT SOME DILUTION (proved)
3,CXM+AMC+CPR,1.453888,1.398063,1.244503,1.039931,0.017004,8,AMC->AMC->AMC->AMC->AMC->AMC->AMC->CPR,AMC,1.398063,1.453888,-0.284725,ORDER MATTERS AT SOME DILUTION (proved)
3,CRO+AMC+CPR,1.453888,1.398063,1.244503,1.039931,0.017004,8,AMC->AMC->AMC->AMC->AMC->AMC->AMC->CPR,AMC,1.398063,1.453888,-0.284725,ORDER MATTERS AT SOME DILUTION (proved)
3,AMC+CAZ+CPR,1.453888,1.398063,1.244503,1.039931,0.017004,8,AMC->AMC->AMC->AMC->AMC->AMC->AMC->CPR,AMC,1.398063,1.453888,-0.284725,ORDER MATTERS AT SOME DILUTION (proved)
3,AMC+CTT+CPR,1.453888,1.398063,1.244503,1.039931,0.017004,8,AMC->AMC->AMC->AMC->AMC->AMC->AMC->CPR,AMC,1.398063,1.453888,-0.284725,ORDER MATTERS AT SOME DILUTION (proved)
3,AMC+SAM+CPR,1.453888,1.398063,1.244503,1.039931,0.017004,8,AMC->AMC->AMC->AMC->AMC->AMC->AMC->CPR,AMC,1.398063,1.453888,-0.284725,ORDER MATTERS AT SOME DILUTION (proved)
3,AMC+CPR+CPD,1.453888,1.398063,1.244503,1.039931,0.017004,8,AMC->AMC->AMC->AMC->AMC->AMC->AMC->CPR,AMC,1.398063,1.453888,-0.284725,ORDER MATTERS AT SOME DILUTION (proved)
3,AMC+CPR+TZP,1.453888,1.398063,1.244503,1.039931,0.017004,8,AMC->AMC->AMC->AMC->AMC->AMC->AMC->CPR,AMC,1.398063,1.453888,-0.284725,ORDER MATTERS AT SOME DILUTION (proved)
3,AMC+CPR+FEP,1.453888,1.398063,1.244503,1.039931,0.017004,8,AMC->AMC->AMC->AMC->AMC->AMC->AMC->CPR,AMC,1.398063,1.453888,-0.284725,ORDER MATTERS AT SOME DILUTION (proved)
2,AM+CEC,1.552765,1.495176,1.337639,1.038516,0.016413,8,AM->AM->AM->AM->AM->AM->AM->CEC,AM,1.495176,1.552765,-0.331183,ORDER MATTERS AT SOME DILUTION (proved)
3,AM+CEC+ZOX,1.552765,1.495176,1.337639,1.038516,0.016413,8,AM->AM->AM->AM->AM->AM->AM->CEC,AM,1.495176,1.552765,-0.331183,ORDER MATTERS AT SOME DILUTION (proved)
3,AM+CEC+CXM,1.552765,1.495176,1.337639,1.038516,0.016413,8,AM->AM->AM->AM->AM->AM->AM->CEC,AM,1.495176,1.552765,-0.331183,ORDER MATTERS AT SOME DILUTION (proved)
3,AM+CEC+CRO,1.552765,1.495176,1.337639,1.038516,0.016413,8,AM->AM->AM->AM->AM->AM->AM->CEC,AM,1.495176,1.552765,-0.331183,ORDER MATTERS AT SOME DILUTION (proved)
3,AM+CEC+CAZ,1.552765,1.495176,1.337639,1.038516,0.016413,8,AM->AM->AM->AM->AM->AM->AM->CEC,AM,1.495176,1.552765,-0.331183,ORDER MATTERS AT SOME DILUTION (proved)
3,AM+CEC+CTT,1.552765,1.495176,1.337639,1.038516,0.016413,8,AM->AM->AM->AM->AM->AM->AM->CEC,AM,1.495176,1.552765,-0.331183,ORDER MATTERS AT SOME DILUTION (proved)
3,AM+CEC+CPD,1.552765,1.495176,1.337639,1.038516,0.016413,8,AM->AM->AM->AM->AM->AM->AM->CEC,AM,1.495176,1.552765,-0.331183,ORDER MATTERS AT SOME DILUTION (proved)
3,AM+CEC+TZP,1.552765,1.495176,1.337639,1.038516,0.016413,8,AM->AM->AM->AM->AM->AM->AM->CEC,AM,1.495176,1.552765,-0.331183,ORDER MATTERS AT SOME DILUTION (proved)
3,AM+CEC+FEP,1.552765,1.495176,1.337639,1.038516,0.016413,8,AM->AM->AM->AM->AM->AM->AM->CEC,AM,1.495176,1.552765,-0.331183,ORDER MATTERS AT SOME DILUTION (proved)
3,AM+CTX+CPR,1.493676,1.439367,1.217024,1.037731,0.016085,8,AM->CTX->CPR->CPR->AM->CPR->CPR->CPR,CPR,1.439367,1.493676,-0.30525,ORDER MATTERS AT SOME DILUTION (proved)
2,AM+CPR,1.493676,1.440736,1.244503,1.036745,0.015672,8,AM->CPR->AM->CPR->CPR->AM->CPR->CPR,CPR,1.440736,1.493676,-0.30591,ORDER MATTERS AT SOME DILUTION (proved)
3,AMP+AM+CPR,1.493676,1.440736,1.244503,1.036745,0.015672,8,AM->CPR->AM->CPR->CPR->AM->CPR->CPR,CPR,1.440736,1.493676,-0.30591,ORDER MATTERS AT SOME DILUTION (proved)
3,AM+CEC+CPR,1.493676,1.440736,1.244503,1.036745,0.015672,8,AM->CPR->AM->CPR->CPR->AM->CPR->CPR,CPR,1.440736,1.493676,-0.30591,ORDER MATTERS AT SOME DILUTION (proved)
3,AM+ZOX+CPR,1.493676,1.440736,1.244503,1.036745,0.015672,8,AM->CPR->AM->CPR->CPR->AM->CPR->CPR,CPR,1.440736,1.493676,-0.30591,ORDER MATTERS AT SOME DILUTION (proved)
3,AM+CXM+CPR,1.493676,1.440736,1.244503,1.036745,0.015672,8,AM->CPR->AM->CPR->CPR->AM->CPR->CPR,CPR,1.440736,1.493676,-0.30591,ORDER MATTERS AT SOME DILUTION (proved)
3,AM+CRO+CPR,1.493676,1.440736,1.244503,1.036745,0.015672,8,AM->CPR->AM->CPR->CPR->AM->CPR->CPR,CPR,1.440736,1.493676,-0.30591,ORDER MATTERS AT SOME DILUTION (proved)
3,AM+CAZ+CPR,1.493676,1.440736,1.244503,1.036745,0.015672,8,AM->CPR->AM->CPR->CPR->AM->CPR->CPR,CPR,1.440736,1.493676,-0.30591,ORDER MATTERS AT SOME DILUTION (proved)
3,AM+CTT+CPR,1.493676,1.440736,1.244503,1.036745,0.015672,8,AM->CPR->AM->CPR->CPR->AM->CPR->CPR,CPR,1.440736,1.493676,-0.30591,ORDER MATTERS AT SOME DILUTION (proved)
3,AM+SAM+CPR,1.493676,1.440736,1.244503,1.036745,0.015672,8,AM->CPR->AM->CPR->CPR->AM->CPR->CPR,CPR,1.440736,1.493676,-0.30591,ORDER MATTERS AT SOME DILUTION (proved)
3,AM+CPR+CPD,1.493676,1.440736,1.244503,1.036745,0.015672,8,AM->CPR->AM->CPR->CPR->AM->CPR->CPR,CPR,1.440736,1.493676,-0.30591,ORDER MATTERS AT SOME DILUTION (proved)
3,AM+CPR+TZP,1.493676,1.440736,1.244503,1.036745,0.015672,8,AM->CPR->AM->CPR->CPR->AM->CPR->CPR,CPR,1.440736,1.493676,-0.30591,ORDER MATTERS AT SOME DILUTION (proved)
3,AM+CPR+FEP,1.493676,1.440736,1.244503,1.036745,0.015672,8,AM->CPR->AM->CPR->CPR->AM->CPR->CPR,CPR,1.440736,1.493676,-0.30591,ORDER MATTERS AT SOME DILUTION (proved)
3,CTX+ZOX+TZP,1.604193,1.547539,1.217024,1.036609,0.015615,6,CTX->ZOX->ZOX->TZP->ZOX->ZOX,CTX,1.547539,1.604193,-0.353813,ORDER MATTERS AT SOME DILUTION (proved)
3,AM+CEC+AMC,1.453888,1.403304,1.293853,1.036047,0.015379,8,AM->AMC->AMC->AMC->CEC->AMC->AMC->AMC,AMC,1.403304,1.453888,-0.287396,ORDER MATTERS AT SOME DILUTION (proved)
2,AMP+CEC,1.680736,1.622552,1.337639,1.03586,0.015301,6,AMP->AMP->AMP->AMP->AMP->CEC,CEC,1.622552,1.680736,-0.383687,ORDER MATTERS AT SOME DILUTION (proved)
3,AMP+CEC+ZOX,1.680736,1.622552,1.337639,1.03586,0.015301,6,AMP->AMP->AMP->AMP->AMP->CEC,CEC,1.622552,1.680736,-0.383687,ORDER MATTERS AT SOME DILUTION (proved)
3,AMP+CEC+CRO,1.680736,1.622552,1.337639,1.03586,0.015301,6,AMP->AMP->AMP->AMP->AMP->CEC,CEC,1.622552,1.680736,-0.383687,ORDER MATTERS AT SOME DILUTION (proved)
3,AMP+CEC+CAZ,1.680736,1.622552,1.337639,1.03586,0.015301,6,AMP->AMP->AMP->AMP->AMP->CEC,CEC,1.622552,1.680736,-0.383687,ORDER MATTERS AT SOME DILUTION (proved)
3,AMP+CEC+CPD,1.680736,1.622552,1.337639,1.03586,0.015301,6,AMP->AMP->AMP->AMP->AMP->CEC,CEC,1.622552,1.680736,-0.383687,ORDER MATTERS AT SOME DILUTION (proved)
3,AMP+CEC+FEP,1.680736,1.622552,1.337639,1.03586,0.015301,6,AMP->AMP->AMP->AMP->AMP->CEC,CEC,1.622552,1.680736,-0.383687,ORDER MATTERS AT SOME DILUTION (proved)
2,AMP+CAZ,1.739171,1.681147,1.371241,1.034514,0.014737,3,AMP->CAZ->CAZ,AMP,1.681147,1.739171,-0.405168,ORDER MATTERS AT SOME DILUTION (proved)
3,AMP+CXM+CAZ,1.739171,1.681147,1.371241,1.034514,0.014737,3,AMP->CAZ->CAZ,AMP,1.681147,1.739171,-0.405168,ORDER MATTERS AT SOME DILUTION (proved)
3,AMP+CRO+CAZ,1.739171,1.681147,1.371241,1.034514,0.014737,3,AMP->CAZ->CAZ,AMP,1.681147,1.739171,-0.405168,ORDER MATTERS AT SOME DILUTION (proved)
3,AMP+CAZ+CTT,1.739171,1.681147,1.371241,1.034514,0.014737,3,AMP->CAZ->CAZ,AMP,1.681147,1.739171,-0.405168,ORDER MATTERS AT SOME DILUTION (proved)
3,AMP+CAZ+SAM,1.739171,1.681147,1.371241,1.034514,0.014737,3,AMP->CAZ->CAZ,AMP,1.681147,1.739171,-0.405168,ORDER MATTERS AT SOME DILUTION (proved)
3,AMP+CAZ+CPD,1.739171,1.681147,1.371241,1.034514,0.014737,3,AMP->CAZ->CAZ,AMP,1.681147,1.739171,-0.405168,ORDER MATTERS AT SOME DILUTION (proved)
3,AMP+CAZ+FEP,1.739171,1.681147,1.371241,1.034514,0.014737,3,AMP->CAZ->CAZ,AMP,1.681147,1.739171,-0.405168,ORDER MATTERS AT SOME DILUTION (proved)
2,CEC+TZP,1.680736,1.624756,1.337639,1.034454,0.014711,8,CEC->CEC->CEC->CEC->CEC->CEC->CEC->TZP,CEC,1.624756,1.680736,-0.384523,ORDER MATTERS AT SOME DILUTION (proved)
3,CEC+CXM+TZP,1.680736,1.624756,1.337639,1.034454,0.014711,8,CEC->CEC->CEC->CEC->CEC->CEC->CEC->TZP,CEC,1.624756,1.680736,-0.384523,ORDER MATTERS AT SOME DILUTION (proved)
3,CEC+CRO+TZP,1.680736,1.624756,1.337639,1.034454,0.014711,8,CEC->CEC->CEC->CEC->CEC->CEC->CEC->TZP,CEC,1.624756,1.680736,-0.384523,ORDER MATTERS AT SOME DILUTION (proved)
3,CEC+CTT+TZP,1.680736,1.624756,1.337639,1.034454,0.014711,8,CEC->CEC->CEC->CEC->CEC->CEC->CEC->TZP,CEC,1.624756,1.680736,-0.384523,ORDER MATTERS AT SOME DILUTION (proved)
3,CEC+SAM+TZP,1.680736,1.624756,1.337639,1.034454,0.014711,8,CEC->CEC->CEC->CEC->CEC->CEC->CEC->TZP,CEC,1.624756,1.680736,-0.384523,ORDER MATTERS AT SOME DILUTION (proved)
3,CEC+TZP+FEP,1.680736,1.624756,1.337639,1.034454,0.014711,8,CEC->CEC->CEC->CEC->CEC->CEC->CEC->TZP,CEC,1.624756,1.680736,-0.384523,ORDER MATTERS AT SOME DILUTION (proved)
2,CRO+CTT,1.884441,1.821925,1.398777,1.034313,0.014652,7,CRO->CRO->CTT->CRO->CTT->CRO->CTT,CRO,1.821925,1.884441,-0.45113,ORDER MATTERS AT SOME DILUTION (proved)
3,CEC+CTT+CPD,1.680736,1.626025,1.337639,1.033647,0.014372,7,CEC->CEC->CEC->CTT->CEC->CEC->CPD,CEC,1.626025,1.680736,-0.385003,ORDER MATTERS AT SOME DILUTION (proved)
3,CEC+CXM+SAM,1.680736,1.626192,1.337639,1.033541,0.014328,8,CEC->CEC->CXM->CEC->SAM->CEC->CEC->SAM,CEC,1.626192,1.680736,-0.385067,ORDER MATTERS AT SOME DILUTION (proved)
2,CTT+TZP,1.91527,1.85419,1.418206,1.032942,0.014076,5,CTT->TZP->CTT->TZP->TZP,TZP,1.85419,1.91527,-0.460681,ORDER MATTERS AT SOME DILUTION (proved)
3,CAZ+SAM+CPD,1.775229,1.719217,1.375719,1.03258,0.013924,8,CAZ->CAZ->CAZ->SAM->CAZ->CAZ->CAZ->CPD,CAZ,1.719217,1.775229,-0.41834,ORDER MATTERS AT SOME DILUTION (proved)
3,CAZ+SAM+TZP,1.775229,1.720834,1.418206,1.03161,0.013515,8,CAZ->CAZ->CAZ->CAZ->CAZ->SAM->TZP->SAM,CAZ,1.720834,1.775229,-0.418886,ORDER MATTERS AT SOME DILUTION (proved)
3,CEC+CXM+CAZ,1.680736,1.630227,1.337639,1.030983,0.013251,8,CEC->CEC->CXM->CEC->CEC->CXM->CEC->CAZ,CEC,1.630227,1.680736,-0.386589,ORDER MATTERS AT SOME DILUTION (proved)
2,AM+CTX,1.552765,1.506135,1.217024,1.03096,0.013242,8,AM->AM->AM->AM->AM->AM->AM->CTX,AM,1.506135,1.552765,-0.336049,ORDER MATTERS AT SOME DILUTION (proved)
3,AMP+AM+CTX,1.552765,1.506135,1.217024,1.03096,0.013242,8,AM->AM->AM->AM->AM->AM->AM->CTX,AM,1.506135,1.552765,-0.336049,ORDER MATTERS AT SOME DILUTION (proved)
3,AM+CTX+ZOX,1.552765,1.506135,1.217024,1.03096,0.013242,8,AM->AM->AM->AM->AM->AM->AM->CTX,AM,1.506135,1.552765,-0.336049,ORDER MATTERS AT SOME DILUTION (proved)
3,AM+CTX+CXM,1.552765,1.506135,1.217024,1.03096,0.013242,8,AM->AM->AM->AM->AM->AM->AM->CTX,AM,1.506135,1.552765,-0.336049,ORDER MATTERS AT SOME DILUTION (proved)
3,AM+CTX+CRO,1.552765,1.506135,1.217024,1.03096,0.013242,8,AM->AM->AM->AM->AM->AM->AM->CTX,AM,1.506135,1.552765,-0.336049,ORDER MATTERS AT SOME DILUTION (proved)
3,AM+CTX+CAZ,1.552765,1.506135,1.217024,1.03096,0.013242,8,AM->AM->AM->AM->AM->AM->AM->CTX,AM,1.506135,1.552765,-0.336049,ORDER MATTERS AT SOME DILUTION (proved)
3,AM+CTX+CTT,1.552765,1.506135,1.217024,1.03096,0.013242,8,AM->AM->AM->AM->AM->AM->AM->CTX,AM,1.506135,1.552765,-0.336049,ORDER MATTERS AT SOME DILUTION (proved)
3,AM+CTX+SAM,1.552765,1.506135,1.217024,1.03096,0.013242,8,AM->AM->AM->AM->AM->AM->AM->CTX,AM,1.506135,1.552765,-0.336049,ORDER MATTERS AT SOME DILUTION (proved)
3,AM+CTX+CPD,1.552765,1.506135,1.217024,1.03096,0.013242,8,AM->AM->AM->AM->AM->AM->AM->CTX,AM,1.506135,1.552765,-0.336049,ORDER MATTERS AT SOME DILUTION (proved)
3,AM+CTX+FEP,1.552765,1.506135,1.217024,1.03096,0.013242,8,AM->AM->AM->AM->AM->AM->AM->CTX,AM,1.506135,1.552765,-0.336049,ORDER MATTERS AT SOME DILUTION (proved)
3,CEC+CTX+AMC,1.453888,1.410326,1.217024,1.030888,0.013211,8,CEC->AMC->AMC->AMC->CTX->AMC->AMC->AMC,AMC,1.410326,1.453888,-0.290944,ORDER MATTERS AT SOME DILUTION (proved)
2,CEC+AMC,1.453888,1.41105,1.293853,1.03036,0.012989,8,CEC->AMC->AMC->AMC->AMC->AMC->AMC->AMC,AMC,1.41105,1.453888,-0.291308,ORDER MATTERS AT SOME DILUTION (proved)
3,AMP+CEC+AMC,1.453888,1.41105,1.293853,1.03036,0.012989,8,CEC->AMC->AMC->AMC->AMC->AMC->AMC->AMC,AMC,1.41105,1.453888,-0.291308,ORDER MATTERS AT SOME DILUTION (proved)
3,CEC+ZOX+AMC,1.453888,1.41105,1.293853,1.03036,0.012989,8,CEC->AMC->AMC->AMC->AMC->AMC->AMC->AMC,AMC,1.41105,1.453888,-0.291308,ORDER MATTERS AT SOME DILUTION (proved)
3,CEC+CXM+AMC,1.453888,1.41105,1.293853,1.03036,0.012989,8,CEC->AMC->AMC->AMC->AMC->AMC->AMC->AMC,AMC,1.41105,1.453888,-0.291308,ORDER MATTERS AT SOME DILUTION (proved)
3,CEC+CRO+AMC,1.453888,1.41105,1.293853,1.03036,0.012989,8,CEC->AMC->AMC->AMC->AMC->AMC->AMC->AMC,AMC,1.41105,1.453888,-0.291308,ORDER MATTERS AT SOME DILUTION (proved)
3,CEC+AMC+CAZ,1.453888,1.41105,1.293853,1.03036,0.012989,8,CEC->AMC->AMC->AMC->AMC->AMC->AMC->AMC,AMC,1.41105,1.453888,-0.291308,ORDER MATTERS AT SOME DILUTION (proved)
3,CEC+AMC+CTT,1.453888,1.41105,1.293853,1.03036,0.012989,8,CEC->AMC->AMC->AMC->AMC->AMC->AMC->AMC,AMC,1.41105,1.453888,-0.291308,ORDER MATTERS AT SOME DILUTION (proved)
3,CEC+AMC+SAM,1.453888,1.41105,1.293853,1.03036,0.012989,8,CEC->AMC->AMC->AMC->AMC->AMC->AMC->AMC,AMC,1.41105,1.453888,-0.291308,ORDER MATTERS AT SOME DILUTION (proved)
3,CEC+AMC+CPD,1.453888,1.41105,1.293853,1.03036,0.012989,8,CEC->AMC->AMC->AMC->AMC->AMC->AMC->AMC,AMC,1.41105,1.453888,-0.291308,ORDER MATTERS AT SOME DILUTION (proved)
3,CEC+AMC+TZP,1.453888,1.41105,1.293853,1.03036,0.012989,8,CEC->AMC->AMC->AMC->AMC->AMC->AMC->AMC,AMC,1.41105,1.453888,-0.291308,ORDER MATTERS AT SOME DILUTION (proved)
3,CEC+AMC+FEP,1.453888,1.41105,1.293853,1.03036,0.012989,8,CEC->AMC->AMC->AMC->AMC->AMC->AMC->AMC,AMC,1.41105,1.453888,-0.291308,ORDER MATTERS AT SOME DILUTION (proved)
3,CXM+CAZ+TZP,1.775229,1.72326,1.418206,1.030157,0.012904,8,CXM->CAZ->TZP->CXM->TZP->CAZ->CXM->TZP,CAZ,1.72326,1.775229,-0.419704,ORDER MATTERS AT SOME DILUTION (proved)
3,AM+ZOX+TZP,1.552765,1.507364,1.37058,1.030119,0.012888,8,AM->AM->AM->AM->AM->ZOX->TZP->ZOX,AM,1.507364,1.552765,-0.33659,ORDER MATTERS AT SOME DILUTION (proved)
3,CTX+SAM+CPR,1.493676,1.452354,1.217024,1.028452,0.012184,6,CTX->CTX->CPR->CPR->CTX->SAM,CPR,1.452354,1.493676,-0.311463,ORDER MATTERS AT SOME DILUTION (proved)
2,CEC+CXM,1.680736,1.634244,1.337639,1.028448,0.012183,5,CEC->CEC->CEC->CEC->CXM,CEC,1.634244,1.680736,-0.388096,ORDER MATTERS AT SOME DILUTION (proved)
3,CEC+CXM+CRO,1.680736,1.634244,1.337639,1.028448,0.012183,5,CEC->CEC->CEC->CEC->CXM,CEC,1.634244,1.680736,-0.388096,ORDER MATTERS AT SOME DILUTION (proved)
3,CEC+CXM+CTT,1.680736,1.634244,1.337639,1.028448,0.012183,5,CEC->CEC->CEC->CEC->CXM,CEC,1.634244,1.680736,-0.388096,ORDER MATTERS AT SOME DILUTION (proved)
3,CEC+CXM+CPD,1.680736,1.634244,1.337639,1.028448,0.012183,5,CEC->CEC->CEC->CEC->CXM,CEC,1.634244,1.680736,-0.388096,ORDER MATTERS AT SOME DILUTION (proved)
3,CEC+CXM+FEP,1.680736,1.634244,1.337639,1.028448,0.012183,5,CEC->CEC->CEC->CEC->CXM,CEC,1.634244,1.680736,-0.388096,ORDER MATTERS AT SOME DILUTION (proved)
2,AM+ZOX,1.552765,1.513358,1.37058,1.026039,0.011164,8,AM->AM->AM->AM->AM->AM->AM->ZOX,AM,1.513358,1.552765,-0.339218,ORDER MATTERS AT SOME DILUTION (proved)
3,AMP+AM+ZOX,1.552765,1.513358,1.37058,1.026039,0.011164,8,AM->AM->AM->AM->AM->AM->AM->ZOX,AM,1.513358,1.552765,-0.339218,ORDER MATTERS AT SOME DILUTION (proved)
3,AM+ZOX+CXM,1.552765,1.513358,1.37058,1.026039,0.011164,8,AM->AM->AM->AM->AM->AM->AM->ZOX,AM,1.513358,1.552765,-0.339218,ORDER MATTERS AT SOME DILUTION (proved)
3,AM+ZOX+CRO,1.552765,1.513358,1.37058,1.026039,0.011164,8,AM->AM->AM->AM->AM->AM->AM->ZOX,AM,1.513358,1.552765,-0.339218,ORDER MATTERS AT SOME DILUTION (proved)
3,AM+ZOX+CAZ,1.552765,1.513358,1.37058,1.026039,0.011164,8,AM->AM->AM->AM->AM->AM->AM->ZOX,AM,1.513358,1.552765,-0.339218,ORDER MATTERS AT SOME DILUTION (proved)
3,AM+ZOX+CTT,1.552765,1.513358,1.37058,1.026039,0.011164,8,AM->AM->AM->AM->AM->AM->AM->ZOX,AM,1.513358,1.552765,-0.339218,ORDER MATTERS AT SOME DILUTION (proved)
3,AM+ZOX+SAM,1.552765,1.513358,1.37058,1.026039,0.011164,8,AM->AM->AM->AM->AM->AM->AM->ZOX,AM,1.513358,1.552765,-0.339218,ORDER MATTERS AT SOME DILUTION (proved)
3,AM+ZOX+CPD,1.552765,1.513358,1.37058,1.026039,0.011164,8,AM->AM->AM->AM->AM->AM->AM->ZOX,AM,1.513358,1.552765,-0.339218,ORDER MATTERS AT SOME DILUTION (proved)
3,AM+ZOX+FEP,1.552765,1.513358,1.37058,1.026039,0.011164,8,AM->AM->AM->AM->AM->AM->AM->ZOX,AM,1.513358,1.552765,-0.339218,ORDER MATTERS AT SOME DILUTION (proved)
2,CAZ+SAM,1.775229,1.733123,1.463415,1.024295,0.010425,8,CAZ->CAZ->CAZ->SAM->CAZ->CAZ->CAZ->SAM,CAZ,1.733123,1.775229,-0.423007,ORDER MATTERS AT SOME DILUTION (proved)
3,CRO+CAZ+SAM,1.775229,1.733123,1.398777,1.024295,0.010425,8,CAZ->CAZ->CAZ->SAM->CAZ->CAZ->CAZ->SAM,CAZ,1.733123,1.775229,-0.423007,ORDER MATTERS AT SOME DILUTION (proved)
3,CAZ+CTT+SAM,1.775229,1.733123,1.463415,1.024295,0.010425,8,CAZ->CAZ->CAZ->SAM->CAZ->CAZ->CAZ->SAM,CAZ,1.733123,1.775229,-0.423007,ORDER MATTERS AT SOME DILUTION (proved)
3,CAZ+SAM+FEP,1.775229,1.733123,1.463415,1.024295,0.010425,8,CAZ->CAZ->CAZ->SAM->CAZ->CAZ->CAZ->SAM,CAZ,1.733123,1.775229,-0.423007,ORDER MATTERS AT SOME DILUTION (proved)
3,CEC+CTX+TZP,1.604193,1.566564,1.217024,1.02402,0.010308,8,CEC->CEC->CTX->CEC->CTX->CEC->TZP->CTX,CTX,1.566564,1.604193,-0.36166,ORDER MATTERS AT SOME DILUTION (proved)
3,ZOX+CAZ+CTT,1.695183,1.65572,1.37058,1.023834,0.01023,4,ZOX->CAZ->ZOX->CTT,ZOX,1.65572,1.695183,-0.396033,ORDER MATTERS AT SOME DILUTION (proved)
2,AMP+CTT,1.739171,1.699346,1.371241,1.023435,0.01006,7,AMP->AMP->CTT->AMP->CTT->AMP->CTT,AMP,1.699346,1.739171,-0.411538,ORDER MATTERS AT SOME DILUTION (proved)
3,AMP+CXM+CTT,1.739171,1.699346,1.371241,1.023435,0.01006,7,AMP->AMP->CTT->AMP->CTT->AMP->CTT,AMP,1.699346,1.739171,-0.411538,ORDER MATTERS AT SOME DILUTION (proved)
3,AMP+CRO+CTT,1.739171,1.699346,1.371241,1.023435,0.01006,7,AMP->AMP->CTT->AMP->CTT->AMP->CTT,AMP,1.699346,1.739171,-0.411538,ORDER MATTERS AT SOME DILUTION (proved)
3,AMP+CTT+SAM,1.739171,1.699346,1.371241,1.023435,0.01006,7,AMP->AMP->CTT->AMP->CTT->AMP->CTT,AMP,1.699346,1.739171,-0.411538,ORDER MATTERS AT SOME DILUTION (proved)
3,AMP+CTT+CPD,1.739171,1.699346,1.371241,1.023435,0.01006,7,AMP->AMP->CTT->AMP->CTT->AMP->CTT,AMP,1.699346,1.739171,-0.411538,ORDER MATTERS AT SOME DILUTION (proved)
3,AMP+CTT+FEP,1.739171,1.699346,1.371241,1.023435,0.01006,7,AMP->AMP->CTT->AMP->CTT->AMP->CTT,AMP,1.699346,1.739171,-0.411538,ORDER MATTERS AT SOME DILUTION (proved)
2,CXM+CPD,1.899806,1.859298,1.375719,1.021787,0.00936,6,CXM->CPD->CPD->CXM->CPD->CPD,CPD,1.859298,1.899806,-0.462163,ORDER MATTERS AT SOME DILUTION (proved)
3,CXM+CTT+CPD,1.899806,1.859298,1.375719,1.021787,0.00936,6,CXM->CPD->CPD->CXM->CPD->CPD,CPD,1.859298,1.899806,-0.462163,ORDER MATTERS AT SOME DILUTION (proved)
2,CTT+CPD,1.899806,1.861911,1.375719,1.020353,0.008751,6,CTT->CPD->CPD->CPD->CPD->CPD,CPD,1.861911,1.899806,-0.462917,ORDER MATTERS AT SOME DILUTION (proved)
2,CTX+AMC,1.453888,1.425305,1.217024,1.020055,0.008623,8,CTX->AMC->AMC->AMC->AMC->AMC->AMC->AMC,AMC,1.425305,1.453888,-0.298396,ORDER MATTERS AT SOME DILUTION (proved)
3,AMP+CTX+AMC,1.453888,1.425305,1.217024,1.020055,0.008623,8,CTX->AMC->AMC->AMC->AMC->AMC->AMC->AMC,AMC,1.425305,1.453888,-0.298396,ORDER MATTERS AT SOME DILUTION (proved)
3,AM+CTX+AMC,1.453888,1.425305,1.217024,1.020055,0.008623,8,CTX->AMC->AMC->AMC->AMC->AMC->AMC->AMC,AMC,1.425305,1.453888,-0.298396,ORDER MATTERS AT SOME DILUTION (proved)
3,CTX+ZOX+AMC,1.453888,1.425305,1.217024,1.020055,0.008623,8,CTX->AMC->AMC->AMC->AMC->AMC->AMC->AMC,AMC,1.425305,1.453888,-0.298396,ORDER MATTERS AT SOME DILUTION (proved)
3,CTX+CXM+AMC,1.453888,1.425305,1.217024,1.020055,0.008623,8,CTX->AMC->AMC->AMC->AMC->AMC->AMC->AMC,AMC,1.425305,1.453888,-0.298396,ORDER MATTERS AT SOME DILUTION (proved)
3,CTX+CRO+AMC,1.453888,1.425305,1.217024,1.020055,0.008623,8,CTX->AMC->AMC->AMC->AMC->AMC->AMC->AMC,AMC,1.425305,1.453888,-0.298396,ORDER MATTERS AT SOME DILUTION (proved)
3,CTX+AMC+CAZ,1.453888,1.425305,1.217024,1.020055,0.008623,8,CTX->AMC->AMC->AMC->AMC->AMC->AMC->AMC,AMC,1.425305,1.453888,-0.298396,ORDER MATTERS AT SOME DILUTION (proved)
3,CTX+AMC+CTT,1.453888,1.425305,1.217024,1.020055,0.008623,8,CTX->AMC->AMC->AMC->AMC->AMC->AMC->AMC,AMC,1.425305,1.453888,-0.298396,ORDER MATTERS AT SOME DILUTION (proved)
3,CTX+AMC+SAM,1.453888,1.425305,1.217024,1.020055,0.008623,8,CTX->AMC->AMC->AMC->AMC->AMC->AMC->AMC,AMC,1.425305,1.453888,-0.298396,ORDER MATTERS AT SOME DILUTION (proved)
3,CTX+AMC+CPD,1.453888,1.425305,1.217024,1.020055,0.008623,8,CTX->AMC->AMC->AMC->AMC->AMC->AMC->AMC,AMC,1.425305,1.453888,-0.298396,ORDER MATTERS AT SOME DILUTION (proved)
3,CTX+AMC+TZP,1.453888,1.425305,1.217024,1.020055,0.008623,8,CTX->AMC->AMC->AMC->AMC->AMC->AMC->AMC,AMC,1.425305,1.453888,-0.298396,ORDER MATTERS AT SOME DILUTION (proved)
3,CTX+AMC+FEP,1.453888,1.425305,1.217024,1.020055,0.008623,8,CTX->AMC->AMC->AMC->AMC->AMC->AMC->AMC,AMC,1.425305,1.453888,-0.298396,ORDER MATTERS AT SOME DILUTION (proved)
3,AM+CRO+TZP,1.552765,1.524509,1.385779,1.018534,0.007976,8,AM->AM->AM->AM->AM->AM->CRO->TZP,AM,1.524509,1.552765,-0.344051,ORDER MATTERS AT SOME DILUTION (proved)
3,AM+CXM+TZP,1.552765,1.524783,1.385779,1.018351,0.007898,7,AM->AM->AM->AM->CXM->TZP->CXM,AM,1.524783,1.552765,-0.344169,ORDER MATTERS AT SOME DILUTION (proved)
3,CXM+CAZ+FEP,1.775229,1.744518,1.491144,1.017604,0.007579,6,CXM->CAZ->FEP->CAZ->FEP->CAZ,CAZ,1.744518,1.775229,-0.426776,ORDER MATTERS AT SOME DILUTION (proved)
2,CTX+TZP,1.604193,1.576582,1.217024,1.017513,0.00754,8,CTX->CTX->CTX->CTX->CTX->CTX->CTX->TZP,CTX,1.576582,1.604193,-0.365717,ORDER MATTERS AT SOME DILUTION (proved)
3,CTX+CXM+TZP,1.604193,1.576582,1.217024,1.017513,0.00754,8,CTX->CTX->CTX->CTX->CTX->CTX->CTX->TZP,CTX,1.576582,1.604193,-0.365717,ORDER MATTERS AT SOME DILUTION (proved)
3,CTX+CRO+TZP,1.604193,1.576582,1.217024,1.017513,0.00754,8,CTX->CTX->CTX->CTX->CTX->CTX->CTX->TZP,CTX,1.576582,1.604193,-0.365717,ORDER MATTERS AT SOME DILUTION (proved)
3,CTX+CAZ+TZP,1.604193,1.576582,1.217024,1.017513,0.00754,8,CTX->CTX->CTX->CTX->CTX->CTX->CTX->TZP,CTX,1.576582,1.604193,-0.365717,ORDER MATTERS AT SOME DILUTION (proved)
3,CTX+CTT+TZP,1.604193,1.576582,1.217024,1.017513,0.00754,8,CTX->CTX->CTX->CTX->CTX->CTX->CTX->TZP,CTX,1.576582,1.604193,-0.365717,ORDER MATTERS AT SOME DILUTION (proved)
3,CTX+CPD+TZP,1.604193,1.576582,1.217024,1.017513,0.00754,8,CTX->CTX->CTX->CTX->CTX->CTX->CTX->TZP,CTX,1.576582,1.604193,-0.365717,ORDER MATTERS AT SOME DILUTION (proved)
3,CTX+TZP+FEP,1.604193,1.576582,1.217024,1.017513,0.00754,8,CTX->CTX->CTX->CTX->CTX->CTX->CTX->TZP,CTX,1.576582,1.604193,-0.365717,ORDER MATTERS AT SOME DILUTION (proved)
3,AM+CPD+TZP,1.552765,1.526386,1.375719,1.017282,0.007441,8,AM->AM->AM->AM->AM->AM->TZP->CPD,AM,1.526386,1.552765,-0.344858,ORDER MATTERS AT SOME DILUTION (proved)
3,CAZ+TZP+FEP,1.775229,1.745192,1.418206,1.017211,0.007411,8,CAZ->CAZ->CAZ->FEP->CAZ->CAZ->TZP->FEP,CAZ,1.745192,1.775229,-0.426997,ORDER MATTERS AT SOME DILUTION (proved)
3,AMP+ZOX+CTT,1.695183,1.667593,1.37058,1.016545,0.007127,8,AMP->CTT->ZOX->ZOX->ZOX->ZOX->ZOX->CTT,ZOX,1.667593,1.695183,-0.400333,ORDER MATTERS AT SOME DILUTION (proved)
2,CEC+SAM,1.680736,1.653645,1.337639,1.016382,0.007057,3,CEC->SAM->SAM,CEC,1.653645,1.680736,-0.395275,ORDER MATTERS AT SOME DILUTION (proved)
3,CEC+CRO+SAM,1.680736,1.653645,1.337639,1.016382,0.007057,3,CEC->SAM->SAM,CEC,1.653645,1.680736,-0.395275,ORDER MATTERS AT SOME DILUTION (proved)
3,CEC+CAZ+SAM,1.680736,1.653645,1.337639,1.016382,0.007057,3,CEC->SAM->SAM,CEC,1.653645,1.680736,-0.395275,ORDER MATTERS AT SOME DILUTION (proved)
3,CEC+CTT+SAM,1.680736,1.653645,1.337639,1.016382,0.007057,3,CEC->SAM->SAM,CEC,1.653645,1.680736,-0.395275,ORDER MATTERS AT SOME DILUTION (proved)
3,CEC+SAM+FEP,1.680736,1.653645,1.337639,1.016382,0.007057,3,CEC->SAM->SAM,CEC,1.653645,1.680736,-0.395275,ORDER MATTERS AT SOME DILUTION (proved)
3,CRO+CAZ+FEP,1.775229,1.747765,1.398777,1.015714,0.006771,5,CRO->CAZ->CAZ->FEP->CAZ,CAZ,1.747765,1.775229,-0.427841,ORDER MATTERS AT SOME DILUTION (proved)
3,CAZ+CPD+FEP,1.775229,1.748027,1.375719,1.015561,0.006706,7,CAZ->CAZ->CPD->CAZ->CAZ->FEP->FEP,CAZ,1.748027,1.775229,-0.427927,ORDER MATTERS AT SOME DILUTION (proved)
2,ZOX+AMC,1.453888,1.431873,1.293853,1.015375,0.006627,8,ZOX->AMC->AMC->AMC->AMC->AMC->AMC->AMC,AMC,1.431873,1.453888,-0.301614,ORDER MATTERS AT SOME DILUTION (proved)
3,AMP+ZOX+AMC,1.453888,1.431873,1.293853,1.015375,0.006627,8,ZOX->AMC->AMC->AMC->AMC->AMC->AMC->AMC,AMC,1.431873,1.453888,-0.301614,ORDER MATTERS AT SOME DILUTION (proved)
3,AM+ZOX+AMC,1.453888,1.431873,1.293853,1.015375,0.006627,8,ZOX->AMC->AMC->AMC->AMC->AMC->AMC->AMC,AMC,1.431873,1.453888,-0.301614,ORDER MATTERS AT SOME DILUTION (proved)
3,ZOX+CXM+AMC,1.453888,1.431873,1.293853,1.015375,0.006627,8,ZOX->AMC->AMC->AMC->AMC->AMC->AMC->AMC,AMC,1.431873,1.453888,-0.301614,ORDER MATTERS AT SOME DILUTION (proved)
3,ZOX+CRO+AMC,1.453888,1.431873,1.293853,1.015375,0.006627,8,ZOX->AMC->AMC->AMC->AMC->AMC->AMC->AMC,AMC,1.431873,1.453888,-0.301614,ORDER MATTERS AT SOME DILUTION (proved)
3,ZOX+AMC+CAZ,1.453888,1.431873,1.293853,1.015375,0.006627,8,ZOX->AMC->AMC->AMC->AMC->AMC->AMC->AMC,AMC,1.431873,1.453888,-0.301614,ORDER MATTERS AT SOME DILUTION (proved)
3,ZOX+AMC+CTT,1.453888,1.431873,1.293853,1.015375,0.006627,8,ZOX->AMC->AMC->AMC->AMC->AMC->AMC->AMC,AMC,1.431873,1.453888,-0.301614,ORDER MATTERS AT SOME DILUTION (proved)
3,ZOX+AMC+SAM,1.453888,1.431873,1.293853,1.015375,0.006627,8,ZOX->AMC->AMC->AMC->AMC->AMC->AMC->AMC,AMC,1.431873,1.453888,-0.301614,ORDER MATTERS AT SOME DILUTION (proved)
3,ZOX+AMC+CPD,1.453888,1.431873,1.293853,1.015375,0.006627,8,ZOX->AMC->AMC->AMC->AMC->AMC->AMC->AMC,AMC,1.431873,1.453888,-0.301614,ORDER MATTERS AT SOME DILUTION (proved)
3,ZOX+AMC+TZP,1.453888,1.431873,1.293853,1.015375,0.006627,8,ZOX->AMC->AMC->AMC->AMC->AMC->AMC->AMC,AMC,1.431873,1.453888,-0.301614,ORDER MATTERS AT SOME DILUTION (proved)
3,ZOX+AMC+FEP,1.453888,1.431873,1.293853,1.015375,0.006627,8,ZOX->AMC->AMC->AMC->AMC->AMC->AMC->AMC,AMC,1.431873,1.453888,-0.301614,ORDER MATTERS AT SOME DILUTION (proved)
2,CRO+CAZ,1.775229,1.748791,1.398777,1.015118,0.006517,5,CRO->CAZ->CRO->CAZ->CAZ,CAZ,1.748791,1.775229,-0.428176,ORDER MATTERS AT SOME DILUTION (proved)
3,CXM+CRO+CAZ,1.775229,1.748791,1.398777,1.015118,0.006517,5,CRO->CAZ->CRO->CAZ->CAZ,CAZ,1.748791,1.775229,-0.428176,ORDER MATTERS AT SOME DILUTION (proved)
3,CRO+CAZ+CTT,1.775229,1.748791,1.398777,1.015118,0.006517,5,CRO->CAZ->CRO->CAZ->CAZ,CAZ,1.748791,1.775229,-0.428176,ORDER MATTERS AT SOME DILUTION (proved)
3,CRO+CAZ+CPD,1.775229,1.748791,1.375719,1.015118,0.006517,5,CRO->CAZ->CRO->CAZ->CAZ,CAZ,1.748791,1.775229,-0.428176,ORDER MATTERS AT SOME DILUTION (proved)
2,AM+CXM,1.552765,1.530853,1.385779,1.014314,0.006172,7,AM->AM->AM->AM->AM->AM->CXM,AM,1.530853,1.552765,-0.346769,ORDER MATTERS AT SOME DILUTION (proved)
3,AMP+AM+CXM,1.552765,1.530853,1.371241,1.014314,0.006172,7,AM->AM->AM->AM->AM->AM->CXM,AM,1.530853,1.552765,-0.346769,ORDER MATTERS AT SOME DILUTION (proved)
3,AM+CXM+CRO,1.552765,1.530853,1.385779,1.014314,0.006172,7,AM->AM->AM->AM->AM->AM->CXM,AM,1.530853,1.552765,-0.346769,ORDER MATTERS AT SOME DILUTION (proved)
3,AM+CXM+CAZ,1.552765,1.530853,1.385779,1.014314,0.006172,7,AM->AM->AM->AM->AM->AM->CXM,AM,1.530853,1.552765,-0.346769,ORDER MATTERS AT SOME DILUTION (proved)
3,AM+CXM+CTT,1.552765,1.530853,1.385779,1.014314,0.006172,7,AM->AM->AM->AM->AM->AM->CXM,AM,1.530853,1.552765,-0.346769,ORDER MATTERS AT SOME DILUTION (proved)
3,AM+CXM+SAM,1.552765,1.530853,1.385779,1.014314,0.006172,7,AM->AM->AM->AM->AM->AM->CXM,AM,1.530853,1.552765,-0.346769,ORDER MATTERS AT SOME DILUTION (proved)
3,AM+CXM+CPD,1.552765,1.530853,1.375719,1.014314,0.006172,7,AM->AM->AM->AM->AM->AM->CXM,AM,1.530853,1.552765,-0.346769,ORDER MATTERS AT SOME DILUTION (proved)
3,AM+CXM+FEP,1.552765,1.530853,1.385779,1.014314,0.006172,7,AM->AM->AM->AM->AM->AM->CXM,AM,1.530853,1.552765,-0.346769,ORDER MATTERS AT SOME DILUTION (proved)
2,CAZ+FEP,1.775229,1.750442,1.491144,1.01416,0.006107,7,CAZ->CAZ->FEP->CAZ->FEP->CAZ->FEP,CAZ,1.750442,1.775229,-0.428716,ORDER MATTERS AT SOME DILUTION (proved)
3,CAZ+CTT+FEP,1.775229,1.750442,1.491144,1.01416,0.006107,7,CAZ->CAZ->FEP->CAZ->FEP->CAZ->FEP,CAZ,1.750442,1.775229,-0.428716,ORDER MATTERS AT SOME DILUTION (proved)
3,ZOX+CXM+CAZ,1.695183,1.672125,1.37058,1.01379,0.005948,8,ZOX->ZOX->CAZ->ZOX->CAZ->ZOX->CXM->CAZ,ZOX,1.672125,1.695183,-0.401958,ORDER MATTERS AT SOME DILUTION (proved)
2,CAZ+TZP,1.775229,1.751981,1.418206,1.01327,0.005725,6,CAZ->CAZ->CAZ->CAZ->CAZ->TZP,CAZ,1.751981,1.775229,-0.429217,ORDER MATTERS AT SOME DILUTION (proved)
3,CAZ+CTT+TZP,1.775229,1.751981,1.418206,1.01327,0.005725,6,CAZ->CAZ->CAZ->CAZ->CAZ->TZP,CAZ,1.751981,1.775229,-0.429217,ORDER MATTERS AT SOME DILUTION (proved)
3,AMP+ZOX+CAZ,1.695183,1.675121,1.37058,1.011977,0.00517,8,AMP->CAZ->CAZ->AMP->CAZ->CAZ->ZOX->CAZ,ZOX,1.675121,1.695183,-0.403028,ORDER MATTERS AT SOME DILUTION (proved)
3,CEC+CTX+CTT,1.604193,1.585794,1.217024,1.011602,0.00501,8,CEC->CEC->CEC->CTX->CEC->CTT->CEC->CTX,CTX,1.585794,1.604193,-0.369401,ORDER MATTERS AT SOME DILUTION (proved)
2,AMP+ZOX,1.695183,1.677084,1.37058,1.010792,0.004662,5,AMP->ZOX->ZOX->ZOX->ZOX,ZOX,1.677084,1.695183,-0.403727,ORDER MATTERS AT SOME DILUTION (proved)
3,AMP+ZOX+CXM,1.695183,1.677084,1.37058,1.010792,0.004662,5,AMP->ZOX->ZOX->ZOX->ZOX,ZOX,1.677084,1.695183,-0.403727,ORDER MATTERS AT SOME DILUTION (proved)
3,AMP+ZOX+CRO,1.695183,1.677084,1.37058,1.010792,0.004662,5,AMP->ZOX->ZOX->ZOX->ZOX,ZOX,1.677084,1.695183,-0.403727,ORDER MATTERS AT SOME DILUTION (proved)
3,AMP+ZOX+SAM,1.695183,1.677084,1.37058,1.010792,0.004662,5,AMP->ZOX->ZOX->ZOX->ZOX,ZOX,1.677084,1.695183,-0.403727,ORDER MATTERS AT SOME DILUTION (proved)
3,AMP+ZOX+CPD,1.695183,1.677084,1.37058,1.010792,0.004662,5,AMP->ZOX->ZOX->ZOX->ZOX,ZOX,1.677084,1.695183,-0.403727,ORDER MATTERS AT SOME DILUTION (proved)
3,AMP+ZOX+FEP,1.695183,1.677084,1.37058,1.010792,0.004662,5,AMP->ZOX->ZOX->ZOX->ZOX,ZOX,1.677084,1.695183,-0.403727,ORDER MATTERS AT SOME DILUTION (proved)
2,AM+CRO,1.552765,1.536762,1.385779,1.010413,0.004499,8,AM->AM->AM->AM->AM->AM->AM->CRO,AM,1.536762,1.552765,-0.349281,ORDER MATTERS AT SOME DILUTION (proved)
3,AMP+AM+CRO,1.552765,1.536762,1.371241,1.010413,0.004499,8,AM->AM->AM->AM->AM->AM->AM->CRO,AM,1.536762,1.552765,-0.349281,ORDER MATTERS AT SOME DILUTION (proved)
3,AM+CRO+CAZ,1.552765,1.536762,1.385779,1.010413,0.004499,8,AM->AM->AM->AM->AM->AM->AM->CRO,AM,1.536762,1.552765,-0.349281,ORDER MATTERS AT SOME DILUTION (proved)
3,AM+CRO+CTT,1.552765,1.536762,1.385779,1.010413,0.004499,8,AM->AM->AM->AM->AM->AM->AM->CRO,AM,1.536762,1.552765,-0.349281,ORDER MATTERS AT SOME DILUTION (proved)
3,AM+CRO+SAM,1.552765,1.536762,1.385779,1.010413,0.004499,8,AM->AM->AM->AM->AM->AM->AM->CRO,AM,1.536762,1.552765,-0.349281,ORDER MATTERS AT SOME DILUTION (proved)
3,AM+CRO+CPD,1.552765,1.536762,1.375719,1.010413,0.004499,8,AM->AM->AM->AM->AM->AM->AM->CRO,AM,1.536762,1.552765,-0.349281,ORDER MATTERS AT SOME DILUTION (proved)
3,AM+CRO+FEP,1.552765,1.536762,1.385779,1.010413,0.004499,8,AM->AM->AM->AM->AM->AM->AM->CRO,AM,1.536762,1.552765,-0.349281,ORDER MATTERS AT SOME DILUTION (proved)
2,AM+CPD,1.552765,1.538321,1.375719,1.00939,0.004059,8,AM->AM->AM->AM->AM->AM->AM->CPD,AM,1.538321,1.552765,-0.349941,ORDER MATTERS AT SOME DILUTION (proved)
3,AMP+AM+CPD,1.552765,1.538321,1.371241,1.00939,0.004059,8,AM->AM->AM->AM->AM->AM->AM->CPD,AM,1.538321,1.552765,-0.349941,ORDER MATTERS AT SOME DILUTION (proved)
3,AM+CAZ+CPD,1.552765,1.538321,1.375719,1.00939,0.004059,8,AM->AM->AM->AM->AM->AM->AM->CPD,AM,1.538321,1.552765,-0.349941,ORDER MATTERS AT SOME DILUTION (proved)
3,AM+CTT+CPD,1.552765,1.538321,1.375719,1.00939,0.004059,8,AM->AM->AM->AM->AM->AM->AM->CPD,AM,1.538321,1.552765,-0.349941,ORDER MATTERS AT SOME DILUTION (proved)
3,AM+SAM+CPD,1.552765,1.538321,1.375719,1.00939,0.004059,8,AM->AM->AM->AM->AM->AM->AM->CPD,AM,1.538321,1.552765,-0.349941,ORDER MATTERS AT SOME DILUTION (proved)
3,AM+CPD+FEP,1.552765,1.538321,1.375719,1.00939,0.004059,8,AM->AM->AM->AM->AM->AM->AM->CPD,AM,1.538321,1.552765,-0.349941,ORDER MATTERS AT SOME DILUTION (proved)
3,CEC+CTX+CXM,1.604193,1.589298,1.217024,1.009372,0.004051,8,CEC->CTX->CTX->CTX->CTX->CTX->CTX->CXM,CTX,1.589298,1.604193,-0.370791,ORDER MATTERS AT SOME DILUTION (proved)
3,SAM+CPR+CPD,1.493676,1.481784,1.244503,1.008025,0.003471,6,SAM->CPD->CPR->CPR->CPR->CPD,CPR,1.481784,1.493676,-0.325138,ORDER MATTERS AT SOME DILUTION (proved)
3,ZOX+CTT+FEP,1.695183,1.683597,1.37058,1.006882,0.002979,8,ZOX->ZOX->ZOX->ZOX->ZOX->CTT->FEP->CTT,ZOX,1.683597,1.695183,-0.406033,ORDER MATTERS AT SOME DILUTION (proved)
3,ZOX+CRO+CTT,1.695183,1.684398,1.37058,1.006403,0.002772,8,ZOX->ZOX->ZOX->ZOX->ZOX->CTT->CRO->CTT,ZOX,1.684398,1.695183,-0.406316,ORDER MATTERS AT SOME DILUTION (proved)
2,CXM+AMC,1.453888,1.446176,1.293853,1.005333,0.00231,8,CXM->AMC->AMC->AMC->AMC->AMC->AMC->AMC,AMC,1.446176,1.453888,-0.308521,ORDER MATTERS AT SOME DILUTION (proved)
3,AMP+CXM+AMC,1.453888,1.446176,1.293853,1.005333,0.00231,8,CXM->AMC->AMC->AMC->AMC->AMC->AMC->AMC,AMC,1.446176,1.453888,-0.308521,ORDER MATTERS AT SOME DILUTION (proved)
3,AM+CXM+AMC,1.453888,1.446176,1.293853,1.005333,0.00231,8,CXM->AMC->AMC->AMC->AMC->AMC->AMC->AMC,AMC,1.446176,1.453888,-0.308521,ORDER MATTERS AT SOME DILUTION (proved)
3,CXM+CRO+AMC,1.453888,1.446176,1.293853,1.005333,0.00231,8,CXM->AMC->AMC->AMC->AMC->AMC->AMC->AMC,AMC,1.446176,1.453888,-0.308521,ORDER MATTERS AT SOME DILUTION (proved)
3,CXM+AMC+CAZ,1.453888,1.446176,1.293853,1.005333,0.00231,8,CXM->AMC->AMC->AMC->AMC->AMC->AMC->AMC,AMC,1.446176,1.453888,-0.308521,ORDER MATTERS AT SOME DILUTION (proved)
3,CXM+AMC+CTT,1.453888,1.446176,1.293853,1.005333,0.00231,8,CXM->AMC->AMC->AMC->AMC->AMC->AMC->AMC,AMC,1.446176,1.453888,-0.308521,ORDER MATTERS AT SOME DILUTION (proved)
3,CXM+AMC+SAM,1.453888,1.446176,1.293853,1.005333,0.00231,8,CXM->AMC->AMC->AMC->AMC->AMC->AMC->AMC,AMC,1.446176,1.453888,-0.308521,ORDER MATTERS AT SOME DILUTION (proved)
3,CXM+AMC+CPD,1.453888,1.446176,1.293853,1.005333,0.00231,8,CXM->AMC->AMC->AMC->AMC->AMC->AMC->AMC,AMC,1.446176,1.453888,-0.308521,ORDER MATTERS AT SOME DILUTION (proved)
3,CXM+AMC+TZP,1.453888,1.446176,1.293853,1.005333,0.00231,8,CXM->AMC->AMC->AMC->AMC->AMC->AMC->AMC,AMC,1.446176,1.453888,-0.308521,ORDER MATTERS AT SOME DILUTION (proved)
3,CXM+AMC+FEP,1.453888,1.446176,1.293853,1.005333,0.00231,8,CXM->AMC->AMC->AMC->AMC->AMC->AMC->AMC,AMC,1.446176,1.453888,-0.308521,ORDER MATTERS AT SOME DILUTION (proved)
2,CEC+CTX,1.604193,1.595796,1.217024,1.005262,0.002279,8,CEC->CTX->CTX->CTX->CTX->CTX->CTX->CTX,CTX,1.595796,1.604193,-0.373354,ORDER MATTERS AT SOME DILUTION (proved)
3,AMP+CEC+CTX,1.604193,1.595796,1.217024,1.005262,0.002279,8,CEC->CTX->CTX->CTX->CTX->CTX->CTX->CTX,CTX,1.595796,1.604193,-0.373354,ORDER MATTERS AT SOME DILUTION (proved)
3,CEC+CTX+ZOX,1.604193,1.595796,1.217024,1.005262,0.002279,8,CEC->CTX->CTX->CTX->CTX->CTX->CTX->CTX,CTX,1.595796,1.604193,-0.373354,ORDER MATTERS AT SOME DILUTION (proved)
3,CEC+CTX+CRO,1.604193,1.595796,1.217024,1.005262,0.002279,8,CEC->CTX->CTX->CTX->CTX->CTX->CTX->CTX,CTX,1.595796,1.604193,-0.373354,ORDER MATTERS AT SOME DILUTION (proved)
3,CEC+CTX+CAZ,1.604193,1.595796,1.217024,1.005262,0.002279,8,CEC->CTX->CTX->CTX->CTX->CTX->CTX->CTX,CTX,1.595796,1.604193,-0.373354,ORDER MATTERS AT SOME DILUTION (proved)
3,CEC+CTX+CPD,1.604193,1.595796,1.217024,1.005262,0.002279,8,CEC->CTX->CTX->CTX->CTX->CTX->CTX->CTX,CTX,1.595796,1.604193,-0.373354,ORDER MATTERS AT SOME DILUTION (proved)
3,CEC+CTX+FEP,1.604193,1.595796,1.217024,1.005262,0.002279,8,CEC->CTX->CTX->CTX->CTX->CTX->CTX->CTX,CTX,1.595796,1.604193,-0.373354,ORDER MATTERS AT SOME DILUTION (proved)
3,AMC+CPD+TZP,1.453888,1.449785,1.293853,1.002831,0.001228,7,AMC->AMC->AMC->AMC->AMC->CPD->TZP,AMC,1.449785,1.453888,-0.310242,ORDER MATTERS AT SOME DILUTION (proved)
3,ZOX+CAZ+SAM,1.695183,1.690834,1.37058,1.002572,0.001116,8,ZOX->CAZ->CAZ->CAZ->SAM->CAZ->CAZ->CAZ,ZOX,1.690834,1.695183,-0.408576,ORDER MATTERS AT SOME DILUTION (proved)
3,ZOX+CTT+SAM,1.695183,1.692408,1.37058,1.00164,0.000711,8,ZOX->ZOX->ZOX->ZOX->CTT->CTT->SAM->CTT,ZOX,1.692408,1.695183,-0.409126,ORDER MATTERS AT SOME DILUTION (proved)
2,CAZ+CPD,1.775229,1.772503,1.375719,1.001538,0.000667,2,CAZ->CPD,CAZ,1.772503,1.775229,-0.435826,ORDER MATTERS AT SOME DILUTION (proved)
3,CXM+CAZ+CPD,1.775229,1.772503,1.375719,1.001538,0.000667,2,CAZ->CPD,CAZ,1.772503,1.775229,-0.435826,ORDER MATTERS AT SOME DILUTION (proved)
3,CAZ+CTT+CPD,1.775229,1.772503,1.375719,1.001538,0.000667,2,CAZ->CPD,CAZ,1.772503,1.775229,-0.435826,ORDER MATTERS AT SOME DILUTION (proved)
2,ZOX+CAZ,1.695183,1.692626,1.37058,1.001511,0.000656,8,ZOX->ZOX->ZOX->ZOX->ZOX->ZOX->ZOX->CAZ,ZOX,1.692626,1.695183,-0.409202,ORDER MATTERS AT SOME DILUTION (proved)
3,ZOX+CRO+CAZ,1.695183,1.692626,1.37058,1.001511,0.000656,8,ZOX->ZOX->ZOX->ZOX->ZOX->ZOX->ZOX->CAZ,ZOX,1.692626,1.695183,-0.409202,ORDER MATTERS AT SOME DILUTION (proved)
3,ZOX+CAZ+CPD,1.695183,1.692626,1.37058,1.001511,0.000656,8,ZOX->ZOX->ZOX->ZOX->ZOX->ZOX->ZOX->CAZ,ZOX,1.692626,1.695183,-0.409202,ORDER MATTERS AT SOME DILUTION (proved)
3,ZOX+CAZ+FEP,1.695183,1.692626,1.37058,1.001511,0.000656,8,ZOX->ZOX->ZOX->ZOX->ZOX->ZOX->ZOX->CAZ,ZOX,1.692626,1.695183,-0.409202,ORDER MATTERS AT SOME DILUTION (proved)
2,CXM+CAZ,1.775229,1.7733,1.491144,1.001088,0.000472,6,CXM->CXM->CXM->CXM->CXM->CAZ,CAZ,1.7733,1.775229,-0.43608,ORDER MATTERS AT SOME DILUTION (proved)
3,CXM+CAZ+CTT,1.775229,1.7733,1.491144,1.001088,0.000472,6,CXM->CXM->CXM->CXM->CXM->CAZ,CAZ,1.7733,1.775229,-0.43608,ORDER MATTERS AT SOME DILUTION (proved)
2,AMP+AM,1.552765,1.552765,1.371241,1.0,0.0,3,AM->AM->AM,AM,1.552765,1.552765,-0.355988,NO GAIN AT ANY DILUTION
2,AMP+CTX,1.604193,1.604193,1.217024,1.0,0.0,3,CTX->CTX->CTX,CTX,1.604193,1.604193,-0.376634,NO GAIN AT ANY DILUTION
2,AMP+CXM,1.739171,1.739171,1.371241,1.0,0.0,3,AMP->AMP->AMP,AMP,1.739171,1.739171,-0.425013,NO GAIN AT ANY DILUTION
2,AMP+CRO,1.739171,1.739171,1.371241,1.0,0.0,3,AMP->AMP->AMP,AMP,1.739171,1.739171,-0.425013,NO GAIN AT ANY DILUTION
2,AMP+AMC,1.453888,1.453888,1.293853,1.0,0.0,7,AMC->AMC->AMC->AMC->AMC->AMC->AMC,AMC,1.453888,1.453888,-0.312189,NO GAIN AT ANY DILUTION
2,AMP+SAM,1.739171,1.739171,1.371241,1.0,0.0,3,AMP->AMP->AMP,AMP,1.739171,1.739171,-0.425013,NO GAIN AT ANY DILUTION
2,AMP+CPR,1.493676,1.493676,1.244503,1.0,0.0,1,CPR,CPR,1.493676,1.493676,-0.330511,NO GAIN AT ANY DILUTION
2,AMP+CPD,1.739171,1.739171,1.371241,1.0,0.0,3,AMP->AMP->AMP,AMP,1.739171,1.739171,-0.425013,NO GAIN AT ANY DILUTION
2,AMP+FEP,1.739171,1.739171,1.371241,1.0,0.0,3,AMP->AMP->AMP,AMP,1.739171,1.739171,-0.425013,NO GAIN AT ANY DILUTION
2,AM+AMC,1.453888,1.453888,1.293853,1.0,0.0,7,AMC->AMC->AMC->AMC->AMC->AMC->AMC,AMC,1.453888,1.453888,-0.312189,NO GAIN AT ANY DILUTION
2,AM+CAZ,1.552765,1.552765,1.385779,1.0,0.0,3,AM->AM->AM,AM,1.552765,1.552765,-0.355988,NO GAIN AT ANY DILUTION
2,AM+CTT,1.552765,1.552765,1.385779,1.0,0.0,3,AM->AM->AM,AM,1.552765,1.552765,-0.355988,NO GAIN AT ANY DILUTION
2,AM+SAM,1.552765,1.552765,1.385779,1.0,0.0,3,AM->AM->AM,AM,1.552765,1.552765,-0.355988,NO GAIN AT ANY DILUTION
2,AM+TZP,1.552765,1.552765,1.385779,1.0,0.0,3,AM->AM->AM,AM,1.552765,1.552765,-0.355988,NO GAIN AT ANY DILUTION
2,AM+FEP,1.552765,1.552765,1.385779,1.0,0.0,3,AM->AM->AM,AM,1.552765,1.552765,-0.355988,NO GAIN AT ANY DILUTION
2,CEC+ZOX,1.680736,1.680736,1.337639,1.0,0.0,3,CEC->CEC->CEC,CEC,1.680736,1.680736,-0.405022,NO GAIN AT ANY DILUTION
2,CEC+CRO,1.680736,1.680736,1.337639,1.0,0.0,3,CEC->CEC->CEC,CEC,1.680736,1.680736,-0.405022,NO GAIN AT ANY DILUTION
2,CEC+CAZ,1.680736,1.680736,1.337639,1.0,0.0,3,CEC->CEC->CEC,CEC,1.680736,1.680736,-0.405022,NO GAIN AT ANY DILUTION
2,CEC+CTT,1.680736,1.680736,1.337639,1.0,0.0,3,CEC->CEC->CEC,CEC,1.680736,1.680736,-0.405022,NO GAIN AT ANY DILUTION
2,CEC+CPR,1.493676,1.493676,1.244503,1.0,0.0,1,CPR,CPR,1.493676,1.493676,-0.330511,NO GAIN AT ANY DILUTION
2,CEC+CPD,1.680736,1.680736,1.337639,1.0,0.0,3,CEC->CEC->CEC,CEC,1.680736,1.680736,-0.405022,NO GAIN AT ANY DILUTION
2,CEC+FEP,1.680736,1.680736,1.337639,1.0,0.0,3,CEC->CEC->CEC,CEC,1.680736,1.680736,-0.405022,NO GAIN AT ANY DILUTION
2,CTX+ZOX,1.604193,1.604193,1.217024,1.0,0.0,3,CTX->CTX->CTX,CTX,1.604193,1.604193,-0.376634,NO GAIN AT ANY DILUTION
2,CTX+CXM,1.604193,1.604193,1.217024,1.0,0.0,3,CTX->CTX->CTX,CTX,1.604193,1.604193,-0.376634,NO GAIN AT ANY DILUTION
2,CTX+CRO,1.604193,1.604193,1.217024,1.0,0.0,3,CTX->CTX->CTX,CTX,1.604193,1.604193,-0.376634,NO GAIN AT ANY DILUTION
2,CTX+CAZ,1.604193,1.604193,1.217024,1.0,0.0,3,CTX->CTX->CTX,CTX,1.604193,1.604193,-0.376634,NO GAIN AT ANY DILUTION
2,CTX+CTT,1.604193,1.604193,1.217024,1.0,0.0,3,CTX->CTX->CTX,CTX,1.604193,1.604193,-0.376634,NO GAIN AT ANY DILUTION
2,CTX+SAM,1.604193,1.604193,1.217024,1.0,0.0,3,CTX->CTX->CTX,CTX,1.604193,1.604193,-0.376634,NO GAIN AT ANY DILUTION
2,CTX+CPR,1.493676,1.493676,1.217024,1.0,0.0,1,CPR,CPR,1.493676,1.493676,-0.330511,NO GAIN AT ANY DILUTION
2,CTX+CPD,1.604193,1.604193,1.217024,1.0,0.0,3,CTX->CTX->CTX,CTX,1.604193,1.604193,-0.376634,NO GAIN AT ANY DILUTION
2,CTX+FEP,1.604193,1.604193,1.217024,1.0,0.0,3,CTX->CTX->CTX,CTX,1.604193,1.604193,-0.376634,NO GAIN AT ANY DILUTION
2,ZOX+CXM,1.695183,1.695183,1.37058,1.0,0.0,2,ZOX->ZOX,ZOX,1.695183,1.695183,-0.410093,NO GAIN AT ANY DILUTION
2,ZOX+CRO,1.695183,1.695183,1.37058,1.0,0.0,2,ZOX->ZOX,ZOX,1.695183,1.695183,-0.410093,NO GAIN AT ANY DILUTION
2,ZOX+CTT,1.695183,1.695183,1.37058,1.0,0.0,2,ZOX->ZOX,ZOX,1.695183,1.695183,-0.410093,NO GAIN AT ANY DILUTION
2,ZOX+SAM,1.695183,1.695183,1.37058,1.0,0.0,2,ZOX->ZOX,ZOX,1.695183,1.695183,-0.410093,NO GAIN AT ANY DILUTION
2,ZOX+CPR,1.493676,1.493676,1.244503,1.0,0.0,1,CPR,CPR,1.493676,1.493676,-0.330511,NO GAIN AT ANY DILUTION
2,ZOX+CPD,1.695183,1.695183,1.37058,1.0,0.0,2,ZOX->ZOX,ZOX,1.695183,1.695183,-0.410093,NO GAIN AT ANY DILUTION
2,ZOX+FEP,1.695183,1.695183,1.37058,1.0,0.0,2,ZOX->ZOX,ZOX,1.695183,1.695183,-0.410093,NO GAIN AT ANY DILUTION
2,CXM+CTT,1.90131,1.90131,1.508983,1.0,0.0,3,CXM->CXM->CXM,CXM,1.90131,1.90131,-0.474047,NO GAIN AT ANY DILUTION
2,CXM+CPR,1.493676,1.493676,1.244503,1.0,0.0,1,CPR,CPR,1.493676,1.493676,-0.330511,NO GAIN AT ANY DILUTION
2,CRO+AMC,1.453888,1.453888,1.293853,1.0,0.0,7,AMC->AMC->AMC->AMC->AMC->AMC->AMC,AMC,1.453888,1.453888,-0.312189,NO GAIN AT ANY DILUTION
2,CRO+SAM,1.884441,1.884441,1.398777,1.0,0.0,1,CRO,CRO,1.884441,1.884441,-0.469339,NO GAIN AT ANY DILUTION
2,CRO+CPR,1.493676,1.493676,1.244503,1.0,0.0,1,CPR,CPR,1.493676,1.493676,-0.330511,NO GAIN AT ANY DILUTION
2,CRO+CPD,1.884441,1.884441,1.375719,1.0,0.0,1,CRO,CRO,1.884441,1.884441,-0.469339,NO GAIN AT ANY DILUTION
2,CRO+FEP,1.875566,1.875566,1.398777,1.0,0.0,1,FEP,FEP,1.875566,1.875566,-0.466828,NO GAIN AT ANY DILUTION
2,AMC+CAZ,1.453888,1.453888,1.293853,1.0,0.0,7,AMC->AMC->AMC->AMC->AMC->AMC->AMC,AMC,1.453888,1.453888,-0.312189,NO GAIN AT ANY DILUTION
2,AMC+CTT,1.453888,1.453888,1.293853,1.0,0.0,7,AMC->AMC->AMC->AMC->AMC->AMC->AMC,AMC,1.453888,1.453888,-0.312189,NO GAIN AT ANY DILUTION
2,AMC+SAM,1.453888,1.453888,1.293853,1.0,0.0,7,AMC->AMC->AMC->AMC->AMC->AMC->AMC,AMC,1.453888,1.453888,-0.312189,NO GAIN AT ANY DILUTION
2,AMC+CPD,1.453888,1.453888,1.293853,1.0,0.0,7,AMC->AMC->AMC->AMC->AMC->AMC->AMC,AMC,1.453888,1.453888,-0.312189,NO GAIN AT ANY DILUTION
2,AMC+TZP,1.453888,1.453888,1.293853,1.0,0.0,7,AMC->AMC->AMC->AMC->AMC->AMC->AMC,AMC,1.453888,1.453888,-0.312189,NO GAIN AT ANY DILUTION
2,AMC+FEP,1.453888,1.453888,1.293853,1.0,0.0,7,AMC->AMC->AMC->AMC->AMC->AMC->AMC,AMC,1.453888,1.453888,-0.312189,NO GAIN AT ANY DILUTION
2,CAZ+CTT,1.775229,1.775229,1.491144,1.0,0.0,3,CAZ->CAZ->CAZ,CAZ,1.775229,1.775229,-0.436692,NO GAIN AT ANY DILUTION
2,CAZ+CPR,1.493676,1.493676,1.244503,1.0,0.0,1,CPR,CPR,1.493676,1.493676,-0.330511,NO GAIN AT ANY DILUTION
2,CTT+CPR,1.493676,1.493676,1.244503,1.0,0.0,1,CPR,CPR,1.493676,1.493676,-0.330511,NO GAIN AT ANY DILUTION
2,SAM+CPR,1.493676,1.493676,1.244503,1.0,0.0,1,CPR,CPR,1.493676,1.493676,-0.330511,NO GAIN AT ANY DILUTION
2,SAM+CPD,1.899806,1.899806,1.375719,1.0,0.0,2,CPD->CPD,CPD,1.899806,1.899806,-0.473631,NO GAIN AT ANY DILUTION
2,SAM+FEP,1.875566,1.875566,1.463415,1.0,0.0,1,FEP,FEP,1.875566,1.875566,-0.466828,NO GAIN AT ANY DILUTION
2,CPR+CPD,1.493676,1.493676,1.244503,1.0,0.0,1,CPR,CPR,1.493676,1.493676,-0.330511,NO GAIN AT ANY DILUTION
2,CPR+TZP,1.493676,1.493676,1.244503,1.0,0.0,1,CPR,CPR,1.493676,1.493676,-0.330511,NO GAIN AT ANY DILUTION
2,CPR+FEP,1.493676,1.493676,1.244503,1.0,0.0,1,CPR,CPR,1.493676,1.493676,-0.330511,NO GAIN AT ANY DILUTION
2,CPD+FEP,1.875566,1.875566,1.375719,1.0,0.0,1,FEP,FEP,1.875566,1.875566,-0.466828,NO GAIN AT ANY DILUTION
3,AMP+AM+AMC,1.453888,1.453888,1.293853,1.0,0.0,7,AMC->AMC->AMC->AMC->AMC->AMC->AMC,AMC,1.453888,1.453888,-0.312189,NO GAIN AT ANY DILUTION
3,AMP+AM+CAZ,1.552765,1.552765,1.371241,1.0,0.0,3,AM->AM->AM,AM,1.552765,1.552765,-0.355988,NO GAIN AT ANY DILUTION
3,AMP+AM+CTT,1.552765,1.552765,1.371241,1.0,0.0,3,AM->AM->AM,AM,1.552765,1.552765,-0.355988,NO GAIN AT ANY DILUTION
3,AMP+AM+SAM,1.552765,1.552765,1.371241,1.0,0.0,3,AM->AM->AM,AM,1.552765,1.552765,-0.355988,NO GAIN AT ANY DILUTION
3,AMP+AM+TZP,1.552765,1.552765,1.371241,1.0,0.0,3,AM->AM->AM,AM,1.552765,1.552765,-0.355988,NO GAIN AT ANY DILUTION
3,AMP+AM+FEP,1.552765,1.552765,1.371241,1.0,0.0,3,AM->AM->AM,AM,1.552765,1.552765,-0.355988,NO GAIN AT ANY DILUTION
3,AMP+CEC+CPR,1.493676,1.493676,1.244503,1.0,0.0,1,CPR,CPR,1.493676,1.493676,-0.330511,NO GAIN AT ANY DILUTION
3,AMP+CTX+ZOX,1.604193,1.604193,1.217024,1.0,0.0,3,CTX->CTX->CTX,CTX,1.604193,1.604193,-0.376634,NO GAIN AT ANY DILUTION
3,AMP+CTX+CXM,1.604193,1.604193,1.217024,1.0,0.0,3,CTX->CTX->CTX,CTX,1.604193,1.604193,-0.376634,NO GAIN AT ANY DILUTION
3,AMP+CTX+CRO,1.604193,1.604193,1.217024,1.0,0.0,3,CTX->CTX->CTX,CTX,1.604193,1.604193,-0.376634,NO GAIN AT ANY DILUTION
3,AMP+CTX+CAZ,1.604193,1.604193,1.217024,1.0,0.0,3,CTX->CTX->CTX,CTX,1.604193,1.604193,-0.376634,NO GAIN AT ANY DILUTION
3,AMP+CTX+CTT,1.604193,1.604193,1.217024,1.0,0.0,3,CTX->CTX->CTX,CTX,1.604193,1.604193,-0.376634,NO GAIN AT ANY DILUTION
3,AMP+CTX+SAM,1.604193,1.604193,1.217024,1.0,0.0,3,CTX->CTX->CTX,CTX,1.604193,1.604193,-0.376634,NO GAIN AT ANY DILUTION
3,AMP+CTX+CPR,1.493676,1.493676,1.217024,1.0,0.0,1,CPR,CPR,1.493676,1.493676,-0.330511,NO GAIN AT ANY DILUTION
3,AMP+CTX+CPD,1.604193,1.604193,1.217024,1.0,0.0,3,CTX->CTX->CTX,CTX,1.604193,1.604193,-0.376634,NO GAIN AT ANY DILUTION
3,AMP+CTX+FEP,1.604193,1.604193,1.217024,1.0,0.0,3,CTX->CTX->CTX,CTX,1.604193,1.604193,-0.376634,NO GAIN AT ANY DILUTION
3,AMP+ZOX+CPR,1.493676,1.493676,1.244503,1.0,0.0,1,CPR,CPR,1.493676,1.493676,-0.330511,NO GAIN AT ANY DILUTION
3,AMP+CXM+CRO,1.739171,1.739171,1.371241,1.0,0.0,3,AMP->AMP->AMP,AMP,1.739171,1.739171,-0.425013,NO GAIN AT ANY DILUTION
3,AMP+CXM+SAM,1.739171,1.739171,1.371241,1.0,0.0,3,AMP->AMP->AMP,AMP,1.739171,1.739171,-0.425013,NO GAIN AT ANY DILUTION
3,AMP+CXM+CPR,1.493676,1.493676,1.244503,1.0,0.0,1,CPR,CPR,1.493676,1.493676,-0.330511,NO GAIN AT ANY DILUTION
3,AMP+CXM+CPD,1.739171,1.739171,1.371241,1.0,0.0,3,AMP->AMP->AMP,AMP,1.739171,1.739171,-0.425013,NO GAIN AT ANY DILUTION
3,AMP+CXM+FEP,1.739171,1.739171,1.371241,1.0,0.0,3,AMP->AMP->AMP,AMP,1.739171,1.739171,-0.425013,NO GAIN AT ANY DILUTION
3,AMP+CRO+AMC,1.453888,1.453888,1.293853,1.0,0.0,7,AMC->AMC->AMC->AMC->AMC->AMC->AMC,AMC,1.453888,1.453888,-0.312189,NO GAIN AT ANY DILUTION
3,AMP+CRO+SAM,1.739171,1.739171,1.371241,1.0,0.0,3,AMP->AMP->AMP,AMP,1.739171,1.739171,-0.425013,NO GAIN AT ANY DILUTION
3,AMP+CRO+CPR,1.493676,1.493676,1.244503,1.0,0.0,1,CPR,CPR,1.493676,1.493676,-0.330511,NO GAIN AT ANY DILUTION
3,AMP+CRO+CPD,1.739171,1.739171,1.371241,1.0,0.0,3,AMP->AMP->AMP,AMP,1.739171,1.739171,-0.425013,NO GAIN AT ANY DILUTION
3,AMP+CRO+FEP,1.739171,1.739171,1.371241,1.0,0.0,3,AMP->AMP->AMP,AMP,1.739171,1.739171,-0.425013,NO GAIN AT ANY DILUTION
3,AMP+AMC+CAZ,1.453888,1.453888,1.293853,1.0,0.0,7,AMC->AMC->AMC->AMC->AMC->AMC->AMC,AMC,1.453888,1.453888,-0.312189,NO GAIN AT ANY DILUTION
3,AMP+AMC+CTT,1.453888,1.453888,1.293853,1.0,0.0,7,AMC->AMC->AMC->AMC->AMC->AMC->AMC,AMC,1.453888,1.453888,-0.312189,NO GAIN AT ANY DILUTION
3,AMP+AMC+SAM,1.453888,1.453888,1.293853,1.0,0.0,7,AMC->AMC->AMC->AMC->AMC->AMC->AMC,AMC,1.453888,1.453888,-0.312189,NO GAIN AT ANY DILUTION
3,AMP+AMC+CPD,1.453888,1.453888,1.293853,1.0,0.0,7,AMC->AMC->AMC->AMC->AMC->AMC->AMC,AMC,1.453888,1.453888,-0.312189,NO GAIN AT ANY DILUTION
3,AMP+AMC+TZP,1.453888,1.453888,1.293853,1.0,0.0,7,AMC->AMC->AMC->AMC->AMC->AMC->AMC,AMC,1.453888,1.453888,-0.312189,NO GAIN AT ANY DILUTION
3,AMP+AMC+FEP,1.453888,1.453888,1.293853,1.0,0.0,7,AMC->AMC->AMC->AMC->AMC->AMC->AMC,AMC,1.453888,1.453888,-0.312189,NO GAIN AT ANY DILUTION
3,AMP+CAZ+CPR,1.493676,1.493676,1.244503,1.0,0.0,1,CPR,CPR,1.493676,1.493676,-0.330511,NO GAIN AT ANY DILUTION
3,AMP+CTT+CPR,1.493676,1.493676,1.244503,1.0,0.0,1,CPR,CPR,1.493676,1.493676,-0.330511,NO GAIN AT ANY DILUTION
3,AMP+SAM+CPR,1.493676,1.493676,1.244503,1.0,0.0,1,CPR,CPR,1.493676,1.493676,-0.330511,NO GAIN AT ANY DILUTION
3,AMP+SAM+CPD,1.739171,1.739171,1.371241,1.0,0.0,3,AMP->AMP->AMP,AMP,1.739171,1.739171,-0.425013,NO GAIN AT ANY DILUTION
3,AMP+SAM+FEP,1.739171,1.739171,1.371241,1.0,0.0,3,AMP->AMP->AMP,AMP,1.739171,1.739171,-0.425013,NO GAIN AT ANY DILUTION
3,AMP+CPR+CPD,1.493676,1.493676,1.244503,1.0,0.0,1,CPR,CPR,1.493676,1.493676,-0.330511,NO GAIN AT ANY DILUTION
3,AMP+CPR+TZP,1.493676,1.493676,1.244503,1.0,0.0,1,CPR,CPR,1.493676,1.493676,-0.330511,NO GAIN AT ANY DILUTION
3,AMP+CPR+FEP,1.493676,1.493676,1.244503,1.0,0.0,1,CPR,CPR,1.493676,1.493676,-0.330511,NO GAIN AT ANY DILUTION
3,AMP+CPD+FEP,1.739171,1.739171,1.371241,1.0,0.0,3,AMP->AMP->AMP,AMP,1.739171,1.739171,-0.425013,NO GAIN AT ANY DILUTION
3,AM+CRO+AMC,1.453888,1.453888,1.293853,1.0,0.0,7,AMC->AMC->AMC->AMC->AMC->AMC->AMC,AMC,1.453888,1.453888,-0.312189,NO GAIN AT ANY DILUTION
3,AM+AMC+CAZ,1.453888,1.453888,1.293853,1.0,0.0,7,AMC->AMC->AMC->AMC->AMC->AMC->AMC,AMC,1.453888,1.453888,-0.312189,NO GAIN AT ANY DILUTION
3,AM+AMC+CTT,1.453888,1.453888,1.293853,1.0,0.0,7,AMC->AMC->AMC->AMC->AMC->AMC->AMC,AMC,1.453888,1.453888,-0.312189,NO GAIN AT ANY DILUTION
3,AM+AMC+SAM,1.453888,1.453888,1.293853,1.0,0.0,7,AMC->AMC->AMC->AMC->AMC->AMC->AMC,AMC,1.453888,1.453888,-0.312189,NO GAIN AT ANY DILUTION
3,AM+AMC+CPD,1.453888,1.453888,1.293853,1.0,0.0,7,AMC->AMC->AMC->AMC->AMC->AMC->AMC,AMC,1.453888,1.453888,-0.312189,NO GAIN AT ANY DILUTION
3,AM+AMC+TZP,1.453888,1.453888,1.293853,1.0,0.0,7,AMC->AMC->AMC->AMC->AMC->AMC->AMC,AMC,1.453888,1.453888,-0.312189,NO GAIN AT ANY DILUTION
3,AM+AMC+FEP,1.453888,1.453888,1.293853,1.0,0.0,7,AMC->AMC->AMC->AMC->AMC->AMC->AMC,AMC,1.453888,1.453888,-0.312189,NO GAIN AT ANY DILUTION
3,AM+CAZ+CTT,1.552765,1.552765,1.385779,1.0,0.0,3,AM->AM->AM,AM,1.552765,1.552765,-0.355988,NO GAIN AT ANY DILUTION
3,AM+CAZ+SAM,1.552765,1.552765,1.385779,1.0,0.0,3,AM->AM->AM,AM,1.552765,1.552765,-0.355988,NO GAIN AT ANY DILUTION
3,AM+CAZ+TZP,1.552765,1.552765,1.385779,1.0,0.0,3,AM->AM->AM,AM,1.552765,1.552765,-0.355988,NO GAIN AT ANY DILUTION
3,AM+CAZ+FEP,1.552765,1.552765,1.385779,1.0,0.0,3,AM->AM->AM,AM,1.552765,1.552765,-0.355988,NO GAIN AT ANY DILUTION
3,AM+CTT+SAM,1.552765,1.552765,1.385779,1.0,0.0,3,AM->AM->AM,AM,1.552765,1.552765,-0.355988,NO GAIN AT ANY DILUTION
3,AM+CTT+TZP,1.552765,1.552765,1.385779,1.0,0.0,3,AM->AM->AM,AM,1.552765,1.552765,-0.355988,NO GAIN AT ANY DILUTION
3,AM+CTT+FEP,1.552765,1.552765,1.385779,1.0,0.0,3,AM->AM->AM,AM,1.552765,1.552765,-0.355988,NO GAIN AT ANY DILUTION
3,AM+SAM+TZP,1.552765,1.552765,1.385779,1.0,0.0,3,AM->AM->AM,AM,1.552765,1.552765,-0.355988,NO GAIN AT ANY DILUTION
3,AM+SAM+FEP,1.552765,1.552765,1.385779,1.0,0.0,3,AM->AM->AM,AM,1.552765,1.552765,-0.355988,NO GAIN AT ANY DILUTION
3,AM+TZP+FEP,1.552765,1.552765,1.385779,1.0,0.0,3,AM->AM->AM,AM,1.552765,1.552765,-0.355988,NO GAIN AT ANY DILUTION
3,CEC+CTX+CPR,1.493676,1.493676,1.217024,1.0,0.0,1,CPR,CPR,1.493676,1.493676,-0.330511,NO GAIN AT ANY DILUTION
3,CEC+ZOX+CRO,1.680736,1.680736,1.337639,1.0,0.0,3,CEC->CEC->CEC,CEC,1.680736,1.680736,-0.405022,NO GAIN AT ANY DILUTION
3,CEC+ZOX+CAZ,1.680736,1.680736,1.337639,1.0,0.0,3,CEC->CEC->CEC,CEC,1.680736,1.680736,-0.405022,NO GAIN AT ANY DILUTION
3,CEC+ZOX+CPR,1.493676,1.493676,1.244503,1.0,0.0,1,CPR,CPR,1.493676,1.493676,-0.330511,NO GAIN AT ANY DILUTION
3,CEC+ZOX+CPD,1.680736,1.680736,1.337639,1.0,0.0,3,CEC->CEC->CEC,CEC,1.680736,1.680736,-0.405022,NO GAIN AT ANY DILUTION
3,CEC+ZOX+FEP,1.680736,1.680736,1.337639,1.0,0.0,3,CEC->CEC->CEC,CEC,1.680736,1.680736,-0.405022,NO GAIN AT ANY DILUTION
3,CEC+CXM+CPR,1.493676,1.493676,1.244503,1.0,0.0,1,CPR,CPR,1.493676,1.493676,-0.330511,NO GAIN AT ANY DILUTION
3,CEC+CRO+CAZ,1.680736,1.680736,1.337639,1.0,0.0,3,CEC->CEC->CEC,CEC,1.680736,1.680736,-0.405022,NO GAIN AT ANY DILUTION
3,CEC+CRO+CTT,1.680736,1.680736,1.337639,1.0,0.0,3,CEC->CEC->CEC,CEC,1.680736,1.680736,-0.405022,NO GAIN AT ANY DILUTION
3,CEC+CRO+CPR,1.493676,1.493676,1.244503,1.0,0.0,1,CPR,CPR,1.493676,1.493676,-0.330511,NO GAIN AT ANY DILUTION
3,CEC+CRO+CPD,1.680736,1.680736,1.337639,1.0,0.0,3,CEC->CEC->CEC,CEC,1.680736,1.680736,-0.405022,NO GAIN AT ANY DILUTION
3,CEC+CRO+FEP,1.680736,1.680736,1.337639,1.0,0.0,3,CEC->CEC->CEC,CEC,1.680736,1.680736,-0.405022,NO GAIN AT ANY DILUTION
3,CEC+CAZ+CTT,1.680736,1.680736,1.337639,1.0,0.0,3,CEC->CEC->CEC,CEC,1.680736,1.680736,-0.405022,NO GAIN AT ANY DILUTION
3,CEC+CAZ+CPR,1.493676,1.493676,1.244503,1.0,0.0,1,CPR,CPR,1.493676,1.493676,-0.330511,NO GAIN AT ANY DILUTION
3,CEC+CAZ+CPD,1.680736,1.680736,1.337639,1.0,0.0,3,CEC->CEC->CEC,CEC,1.680736,1.680736,-0.405022,NO GAIN AT ANY DILUTION
3,CEC+CAZ+FEP,1.680736,1.680736,1.337639,1.0,0.0,3,CEC->CEC->CEC,CEC,1.680736,1.680736,-0.405022,NO GAIN AT ANY DILUTION
3,CEC+CTT+CPR,1.493676,1.493676,1.244503,1.0,0.0,1,CPR,CPR,1.493676,1.493676,-0.330511,NO GAIN AT ANY DILUTION
3,CEC+CTT+FEP,1.680736,1.680736,1.337639,1.0,0.0,3,CEC->CEC->CEC,CEC,1.680736,1.680736,-0.405022,NO GAIN AT ANY DILUTION
3,CEC+SAM+CPR,1.493676,1.493676,1.244503,1.0,0.0,1,CPR,CPR,1.493676,1.493676,-0.330511,NO GAIN AT ANY DILUTION
3,CEC+CPR+CPD,1.493676,1.493676,1.244503,1.0,0.0,1,CPR,CPR,1.493676,1.493676,-0.330511,NO GAIN AT ANY DILUTION
3,CEC+CPR+TZP,1.493676,1.493676,1.244503,1.0,0.0,1,CPR,CPR,1.493676,1.493676,-0.330511,NO GAIN AT ANY DILUTION
3,CEC+CPR+FEP,1.493676,1.493676,1.244503,1.0,0.0,1,CPR,CPR,1.493676,1.493676,-0.330511,NO GAIN AT ANY DILUTION
3,CEC+CPD+FEP,1.680736,1.680736,1.337639,1.0,0.0,3,CEC->CEC->CEC,CEC,1.680736,1.680736,-0.405022,NO GAIN AT ANY DILUTION
3,CTX+ZOX+CXM,1.604193,1.604193,1.217024,1.0,0.0,3,CTX->CTX->CTX,CTX,1.604193,1.604193,-0.376634,NO GAIN AT ANY DILUTION
3,CTX+ZOX+CRO,1.604193,1.604193,1.217024,1.0,0.0,3,CTX->CTX->CTX,CTX,1.604193,1.604193,-0.376634,NO GAIN AT ANY DILUTION
3,CTX+ZOX+CAZ,1.604193,1.604193,1.217024,1.0,0.0,3,CTX->CTX->CTX,CTX,1.604193,1.604193,-0.376634,NO GAIN AT ANY DILUTION
3,CTX+ZOX+CTT,1.604193,1.604193,1.217024,1.0,0.0,3,CTX->CTX->CTX,CTX,1.604193,1.604193,-0.376634,NO GAIN AT ANY DILUTION
3,CTX+ZOX+SAM,1.604193,1.604193,1.217024,1.0,0.0,3,CTX->CTX->CTX,CTX,1.604193,1.604193,-0.376634,NO GAIN AT ANY DILUTION
3,CTX+ZOX+CPR,1.493676,1.493676,1.217024,1.0,0.0,1,CPR,CPR,1.493676,1.493676,-0.330511,NO GAIN AT ANY DILUTION
3,CTX+ZOX+CPD,1.604193,1.604193,1.217024,1.0,0.0,3,CTX->CTX->CTX,CTX,1.604193,1.604193,-0.376634,NO GAIN AT ANY DILUTION
3,CTX+ZOX+FEP,1.604193,1.604193,1.217024,1.0,0.0,3,CTX->CTX->CTX,CTX,1.604193,1.604193,-0.376634,NO GAIN AT ANY DILUTION
3,CTX+CXM+CRO,1.604193,1.604193,1.217024,1.0,0.0,3,CTX->CTX->CTX,CTX,1.604193,1.604193,-0.376634,NO GAIN AT ANY DILUTION
3,CTX+CXM+CAZ,1.604193,1.604193,1.217024,1.0,0.0,3,CTX->CTX->CTX,CTX,1.604193,1.604193,-0.376634,NO GAIN AT ANY DILUTION
3,CTX+CXM+CTT,1.604193,1.604193,1.217024,1.0,0.0,3,CTX->CTX->CTX,CTX,1.604193,1.604193,-0.376634,NO GAIN AT ANY DILUTION
3,CTX+CXM+SAM,1.604193,1.604193,1.217024,1.0,0.0,3,CTX->CTX->CTX,CTX,1.604193,1.604193,-0.376634,NO GAIN AT ANY DILUTION
3,CTX+CXM+CPR,1.493676,1.493676,1.217024,1.0,0.0,1,CPR,CPR,1.493676,1.493676,-0.330511,NO GAIN AT ANY DILUTION
3,CTX+CXM+CPD,1.604193,1.604193,1.217024,1.0,0.0,3,CTX->CTX->CTX,CTX,1.604193,1.604193,-0.376634,NO GAIN AT ANY DILUTION
3,CTX+CXM+FEP,1.604193,1.604193,1.217024,1.0,0.0,3,CTX->CTX->CTX,CTX,1.604193,1.604193,-0.376634,NO GAIN AT ANY DILUTION
3,CTX+CRO+CAZ,1.604193,1.604193,1.217024,1.0,0.0,3,CTX->CTX->CTX,CTX,1.604193,1.604193,-0.376634,NO GAIN AT ANY DILUTION
3,CTX+CRO+CTT,1.604193,1.604193,1.217024,1.0,0.0,3,CTX->CTX->CTX,CTX,1.604193,1.604193,-0.376634,NO GAIN AT ANY DILUTION
3,CTX+CRO+SAM,1.604193,1.604193,1.217024,1.0,0.0,3,CTX->CTX->CTX,CTX,1.604193,1.604193,-0.376634,NO GAIN AT ANY DILUTION
3,CTX+CRO+CPR,1.493676,1.493676,1.217024,1.0,0.0,1,CPR,CPR,1.493676,1.493676,-0.330511,NO GAIN AT ANY DILUTION
3,CTX+CRO+CPD,1.604193,1.604193,1.217024,1.0,0.0,3,CTX->CTX->CTX,CTX,1.604193,1.604193,-0.376634,NO GAIN AT ANY DILUTION
3,CTX+CRO+FEP,1.604193,1.604193,1.217024,1.0,0.0,3,CTX->CTX->CTX,CTX,1.604193,1.604193,-0.376634,NO GAIN AT ANY DILUTION
3,CTX+CAZ+CTT,1.604193,1.604193,1.217024,1.0,0.0,3,CTX->CTX->CTX,CTX,1.604193,1.604193,-0.376634,NO GAIN AT ANY DILUTION
3,CTX+CAZ+SAM,1.604193,1.604193,1.217024,1.0,0.0,3,CTX->CTX->CTX,CTX,1.604193,1.604193,-0.376634,NO GAIN AT ANY DILUTION
3,CTX+CAZ+CPR,1.493676,1.493676,1.217024,1.0,0.0,1,CPR,CPR,1.493676,1.493676,-0.330511,NO GAIN AT ANY DILUTION
3,CTX+CAZ+CPD,1.604193,1.604193,1.217024,1.0,0.0,3,CTX->CTX->CTX,CTX,1.604193,1.604193,-0.376634,NO GAIN AT ANY DILUTION
3,CTX+CAZ+FEP,1.604193,1.604193,1.217024,1.0,0.0,3,CTX->CTX->CTX,CTX,1.604193,1.604193,-0.376634,NO GAIN AT ANY DILUTION
3,CTX+CTT+SAM,1.604193,1.604193,1.217024,1.0,0.0,3,CTX->CTX->CTX,CTX,1.604193,1.604193,-0.376634,NO GAIN AT ANY DILUTION
3,CTX+CTT+CPR,1.493676,1.493676,1.217024,1.0,0.0,1,CPR,CPR,1.493676,1.493676,-0.330511,NO GAIN AT ANY DILUTION
3,CTX+CTT+CPD,1.604193,1.604193,1.217024,1.0,0.0,3,CTX->CTX->CTX,CTX,1.604193,1.604193,-0.376634,NO GAIN AT ANY DILUTION
3,CTX+CTT+FEP,1.604193,1.604193,1.217024,1.0,0.0,3,CTX->CTX->CTX,CTX,1.604193,1.604193,-0.376634,NO GAIN AT ANY DILUTION
3,CTX+SAM+CPD,1.604193,1.604193,1.217024,1.0,0.0,3,CTX->CTX->CTX,CTX,1.604193,1.604193,-0.376634,NO GAIN AT ANY DILUTION
3,CTX+SAM+FEP,1.604193,1.604193,1.217024,1.0,0.0,3,CTX->CTX->CTX,CTX,1.604193,1.604193,-0.376634,NO GAIN AT ANY DILUTION
3,CTX+CPR+CPD,1.493676,1.493676,1.217024,1.0,0.0,1,CPR,CPR,1.493676,1.493676,-0.330511,NO GAIN AT ANY DILUTION
3,CTX+CPR+TZP,1.493676,1.493676,1.217024,1.0,0.0,1,CPR,CPR,1.493676,1.493676,-0.330511,NO GAIN AT ANY DILUTION
3,CTX+CPR+FEP,1.493676,1.493676,1.217024,1.0,0.0,1,CPR,CPR,1.493676,1.493676,-0.330511,NO GAIN AT ANY DILUTION
3,CTX+CPD+FEP,1.604193,1.604193,1.217024,1.0,0.0,3,CTX->CTX->CTX,CTX,1.604193,1.604193,-0.376634,NO GAIN AT ANY DILUTION
3,ZOX+CXM+CRO,1.695183,1.695183,1.37058,1.0,0.0,2,ZOX->ZOX,ZOX,1.695183,1.695183,-0.410093,NO GAIN AT ANY DILUTION
3,ZOX+CXM+CTT,1.695183,1.695183,1.37058,1.0,0.0,2,ZOX->ZOX,ZOX,1.695183,1.695183,-0.410093,NO GAIN AT ANY DILUTION
3,ZOX+CXM+SAM,1.695183,1.695183,1.37058,1.0,0.0,2,ZOX->ZOX,ZOX,1.695183,1.695183,-0.410093,NO GAIN AT ANY DILUTION
3,ZOX+CXM+CPR,1.493676,1.493676,1.244503,1.0,0.0,1,CPR,CPR,1.493676,1.493676,-0.330511,NO GAIN AT ANY DILUTION
3,ZOX+CXM+CPD,1.695183,1.695183,1.37058,1.0,0.0,2,ZOX->ZOX,ZOX,1.695183,1.695183,-0.410093,NO GAIN AT ANY DILUTION
3,ZOX+CXM+FEP,1.695183,1.695183,1.37058,1.0,0.0,2,ZOX->ZOX,ZOX,1.695183,1.695183,-0.410093,NO GAIN AT ANY DILUTION
3,ZOX+CRO+SAM,1.695183,1.695183,1.37058,1.0,0.0,2,ZOX->ZOX,ZOX,1.695183,1.695183,-0.410093,NO GAIN AT ANY DILUTION
3,ZOX+CRO+CPR,1.493676,1.493676,1.244503,1.0,0.0,1,CPR,CPR,1.493676,1.493676,-0.330511,NO GAIN AT ANY DILUTION
3,ZOX+CRO+CPD,1.695183,1.695183,1.37058,1.0,0.0,2,ZOX->ZOX,ZOX,1.695183,1.695183,-0.410093,NO GAIN AT ANY DILUTION
3,ZOX+CRO+FEP,1.695183,1.695183,1.37058,1.0,0.0,2,ZOX->ZOX,ZOX,1.695183,1.695183,-0.410093,NO GAIN AT ANY DILUTION
3,ZOX+CAZ+CPR,1.493676,1.493676,1.244503,1.0,0.0,1,CPR,CPR,1.493676,1.493676,-0.330511,NO GAIN AT ANY DILUTION
3,ZOX+CTT+CPR,1.493676,1.493676,1.244503,1.0,0.0,1,CPR,CPR,1.493676,1.493676,-0.330511,NO GAIN AT ANY DILUTION
3,ZOX+CTT+CPD,1.695183,1.695183,1.37058,1.0,0.0,2,ZOX->ZOX,ZOX,1.695183,1.695183,-0.410093,NO GAIN AT ANY DILUTION
3,ZOX+SAM+CPR,1.493676,1.493676,1.244503,1.0,0.0,1,CPR,CPR,1.493676,1.493676,-0.330511,NO GAIN AT ANY DILUTION
3,ZOX+SAM+CPD,1.695183,1.695183,1.37058,1.0,0.0,2,ZOX->ZOX,ZOX,1.695183,1.695183,-0.410093,NO GAIN AT ANY DILUTION
3,ZOX+SAM+FEP,1.695183,1.695183,1.37058,1.0,0.0,2,ZOX->ZOX,ZOX,1.695183,1.695183,-0.410093,NO GAIN AT ANY DILUTION
3,ZOX+CPR+CPD,1.493676,1.493676,1.244503,1.0,0.0,1,CPR,CPR,1.493676,1.493676,-0.330511,NO GAIN AT ANY DILUTION
3,ZOX+CPR+TZP,1.493676,1.493676,1.244503,1.0,0.0,1,CPR,CPR,1.493676,1.493676,-0.330511,NO GAIN AT ANY DILUTION
3,ZOX+CPR+FEP,1.493676,1.493676,1.244503,1.0,0.0,1,CPR,CPR,1.493676,1.493676,-0.330511,NO GAIN AT ANY DILUTION
3,ZOX+CPD+FEP,1.695183,1.695183,1.37058,1.0,0.0,2,ZOX->ZOX,ZOX,1.695183,1.695183,-0.410093,NO GAIN AT ANY DILUTION
3,CXM+CRO+CPR,1.493676,1.493676,1.244503,1.0,0.0,1,CPR,CPR,1.493676,1.493676,-0.330511,NO GAIN AT ANY DILUTION
3,CXM+CAZ+CPR,1.493676,1.493676,1.244503,1.0,0.0,1,CPR,CPR,1.493676,1.493676,-0.330511,NO GAIN AT ANY DILUTION
3,CXM+CTT+CPR,1.493676,1.493676,1.244503,1.0,0.0,1,CPR,CPR,1.493676,1.493676,-0.330511,NO GAIN AT ANY DILUTION
3,CXM+SAM+CPR,1.493676,1.493676,1.244503,1.0,0.0,1,CPR,CPR,1.493676,1.493676,-0.330511,NO GAIN AT ANY DILUTION
3,CXM+CPR+CPD,1.493676,1.493676,1.244503,1.0,0.0,1,CPR,CPR,1.493676,1.493676,-0.330511,NO GAIN AT ANY DILUTION
3,CXM+CPR+TZP,1.493676,1.493676,1.244503,1.0,0.0,1,CPR,CPR,1.493676,1.493676,-0.330511,NO GAIN AT ANY DILUTION
3,CXM+CPR+FEP,1.493676,1.493676,1.244503,1.0,0.0,1,CPR,CPR,1.493676,1.493676,-0.330511,NO GAIN AT ANY DILUTION
3,CRO+AMC+CAZ,1.453888,1.453888,1.293853,1.0,0.0,7,AMC->AMC->AMC->AMC->AMC->AMC->AMC,AMC,1.453888,1.453888,-0.312189,NO GAIN AT ANY DILUTION
3,CRO+AMC+CTT,1.453888,1.453888,1.293853,1.0,0.0,7,AMC->AMC->AMC->AMC->AMC->AMC->AMC,AMC,1.453888,1.453888,-0.312189,NO GAIN AT ANY DILUTION
3,CRO+AMC+SAM,1.453888,1.453888,1.293853,1.0,0.0,7,AMC->AMC->AMC->AMC->AMC->AMC->AMC,AMC,1.453888,1.453888,-0.312189,NO GAIN AT ANY DILUTION
3,CRO+AMC+CPD,1.453888,1.453888,1.293853,1.0,0.0,7,AMC->AMC->AMC->AMC->AMC->AMC->AMC,AMC,1.453888,1.453888,-0.312189,NO GAIN AT ANY DILUTION
3,CRO+AMC+TZP,1.453888,1.453888,1.293853,1.0,0.0,7,AMC->AMC->AMC->AMC->AMC->AMC->AMC,AMC,1.453888,1.453888,-0.312189,NO GAIN AT ANY DILUTION
3,CRO+AMC+FEP,1.453888,1.453888,1.293853,1.0,0.0,7,AMC->AMC->AMC->AMC->AMC->AMC->AMC,AMC,1.453888,1.453888,-0.312189,NO GAIN AT ANY DILUTION
3,CRO+CAZ+CPR,1.493676,1.493676,1.244503,1.0,0.0,1,CPR,CPR,1.493676,1.493676,-0.330511,NO GAIN AT ANY DILUTION
3,CRO+CTT+CPR,1.493676,1.493676,1.244503,1.0,0.0,1,CPR,CPR,1.493676,1.493676,-0.330511,NO GAIN AT ANY DILUTION
3,CRO+SAM+CPR,1.493676,1.493676,1.244503,1.0,0.0,1,CPR,CPR,1.493676,1.493676,-0.330511,NO GAIN AT ANY DILUTION
3,CRO+SAM+CPD,1.884441,1.884441,1.375719,1.0,0.0,1,CRO,CRO,1.884441,1.884441,-0.469339,NO GAIN AT ANY DILUTION
3,CRO+SAM+FEP,1.875566,1.875566,1.398777,1.0,0.0,1,FEP,FEP,1.875566,1.875566,-0.466828,NO GAIN AT ANY DILUTION
3,CRO+CPR+CPD,1.493676,1.493676,1.244503,1.0,0.0,1,CPR,CPR,1.493676,1.493676,-0.330511,NO GAIN AT ANY DILUTION
3,CRO+CPR+TZP,1.493676,1.493676,1.244503,1.0,0.0,1,CPR,CPR,1.493676,1.493676,-0.330511,NO GAIN AT ANY DILUTION
3,CRO+CPR+FEP,1.493676,1.493676,1.244503,1.0,0.0,1,CPR,CPR,1.493676,1.493676,-0.330511,NO GAIN AT ANY DILUTION
3,CRO+CPD+FEP,1.875566,1.875566,1.375719,1.0,0.0,1,FEP,FEP,1.875566,1.875566,-0.466828,NO GAIN AT ANY DILUTION
3,AMC+CAZ+CTT,1.453888,1.453888,1.293853,1.0,0.0,7,AMC->AMC->AMC->AMC->AMC->AMC->AMC,AMC,1.453888,1.453888,-0.312189,NO GAIN AT ANY DILUTION
3,AMC+CAZ+SAM,1.453888,1.453888,1.293853,1.0,0.0,7,AMC->AMC->AMC->AMC->AMC->AMC->AMC,AMC,1.453888,1.453888,-0.312189,NO GAIN AT ANY DILUTION
3,AMC+CAZ+CPD,1.453888,1.453888,1.293853,1.0,0.0,7,AMC->AMC->AMC->AMC->AMC->AMC->AMC,AMC,1.453888,1.453888,-0.312189,NO GAIN AT ANY DILUTION
3,AMC+CAZ+TZP,1.453888,1.453888,1.293853,1.0,0.0,7,AMC->AMC->AMC->AMC->AMC->AMC->AMC,AMC,1.453888,1.453888,-0.312189,NO GAIN AT ANY DILUTION
3,AMC+CAZ+FEP,1.453888,1.453888,1.293853,1.0,0.0,7,AMC->AMC->AMC->AMC->AMC->AMC->AMC,AMC,1.453888,1.453888,-0.312189,NO GAIN AT ANY DILUTION
3,AMC+CTT+SAM,1.453888,1.453888,1.293853,1.0,0.0,7,AMC->AMC->AMC->AMC->AMC->AMC->AMC,AMC,1.453888,1.453888,-0.312189,NO GAIN AT ANY DILUTION
3,AMC+CTT+CPD,1.453888,1.453888,1.293853,1.0,0.0,7,AMC->AMC->AMC->AMC->AMC->AMC->AMC,AMC,1.453888,1.453888,-0.312189,NO GAIN AT ANY DILUTION
3,AMC+CTT+TZP,1.453888,1.453888,1.293853,1.0,0.0,7,AMC->AMC->AMC->AMC->AMC->AMC->AMC,AMC,1.453888,1.453888,-0.312189,NO GAIN AT ANY DILUTION
3,AMC+CTT+FEP,1.453888,1.453888,1.293853,1.0,0.0,7,AMC->AMC->AMC->AMC->AMC->AMC->AMC,AMC,1.453888,1.453888,-0.312189,NO GAIN AT ANY DILUTION
3,AMC+SAM+CPD,1.453888,1.453888,1.293853,1.0,0.0,7,AMC->AMC->AMC->AMC->AMC->AMC->AMC,AMC,1.453888,1.453888,-0.312189,NO GAIN AT ANY DILUTION
3,AMC+SAM+TZP,1.453888,1.453888,1.293853,1.0,0.0,7,AMC->AMC->AMC->AMC->AMC->AMC->AMC,AMC,1.453888,1.453888,-0.312189,NO GAIN AT ANY DILUTION
3,AMC+SAM+FEP,1.453888,1.453888,1.293853,1.0,0.0,7,AMC->AMC->AMC->AMC->AMC->AMC->AMC,AMC,1.453888,1.453888,-0.312189,NO GAIN AT ANY DILUTION
3,AMC+CPD+FEP,1.453888,1.453888,1.293853,1.0,0.0,7,AMC->AMC->AMC->AMC->AMC->AMC->AMC,AMC,1.453888,1.453888,-0.312189,NO GAIN AT ANY DILUTION
3,AMC+TZP+FEP,1.453888,1.453888,1.293853,1.0,0.0,7,AMC->AMC->AMC->AMC->AMC->AMC->AMC,AMC,1.453888,1.453888,-0.312189,NO GAIN AT ANY DILUTION
3,CAZ+CTT+CPR,1.493676,1.493676,1.244503,1.0,0.0,1,CPR,CPR,1.493676,1.493676,-0.330511,NO GAIN AT ANY DILUTION
3,CAZ+SAM+CPR,1.493676,1.493676,1.244503,1.0,0.0,1,CPR,CPR,1.493676,1.493676,-0.330511,NO GAIN AT ANY DILUTION
3,CAZ+CPR+CPD,1.493676,1.493676,1.244503,1.0,0.0,1,CPR,CPR,1.493676,1.493676,-0.330511,NO GAIN AT ANY DILUTION
3,CAZ+CPR+TZP,1.493676,1.493676,1.244503,1.0,0.0,1,CPR,CPR,1.493676,1.493676,-0.330511,NO GAIN AT ANY DILUTION
3,CAZ+CPR+FEP,1.493676,1.493676,1.244503,1.0,0.0,1,CPR,CPR,1.493676,1.493676,-0.330511,NO GAIN AT ANY DILUTION
3,CTT+SAM+CPR,1.493676,1.493676,1.244503,1.0,0.0,1,CPR,CPR,1.493676,1.493676,-0.330511,NO GAIN AT ANY DILUTION
3,CTT+CPR+CPD,1.493676,1.493676,1.244503,1.0,0.0,1,CPR,CPR,1.493676,1.493676,-0.330511,NO GAIN AT ANY DILUTION
3,CTT+CPR+TZP,1.493676,1.493676,1.244503,1.0,0.0,1,CPR,CPR,1.493676,1.493676,-0.330511,NO GAIN AT ANY DILUTION
3,CTT+CPR+FEP,1.493676,1.493676,1.244503,1.0,0.0,1,CPR,CPR,1.493676,1.493676,-0.330511,NO GAIN AT ANY DILUTION
3,SAM+CPR+TZP,1.493676,1.493676,1.244503,1.0,0.0,1,CPR,CPR,1.493676,1.493676,-0.330511,NO GAIN AT ANY DILUTION
3,SAM+CPR+FEP,1.493676,1.493676,1.244503,1.0,0.0,1,CPR,CPR,1.493676,1.493676,-0.330511,NO GAIN AT ANY DILUTION
3,SAM+CPD+FEP,1.875566,1.875566,1.375719,1.0,0.0,1,FEP,FEP,1.875566,1.875566,-0.466828,NO GAIN AT ANY DILUTION
3,CPR+CPD+TZP,1.493676,1.493676,1.244503,1.0,0.0,1,CPR,CPR,1.493676,1.493676,-0.330511,NO GAIN AT ANY DILUTION
3,CPR+CPD+FEP,1.493676,1.493676,1.244503,1.0,0.0,1,CPR,CPR,1.493676,1.493676,-0.330511,NO GAIN AT ANY DILUTION
3,CPR+TZP+FEP,1.493676,1.493676,1.244503,1.0,0.0,1,CPR,CPR,1.493676,1.493676,-0.330511,NO GAIN AT ANY DILUTION
