drugs,witness,gain,dilution,rho_switch_nominal,rho_fix_nominal,p_cure,p_control_fails,p_demonstrates,p_gain_positive,median_gain,gain_q05,gain_q95,median_switch_radius_at_D,rel_noise,n_draws,resampled_inputs
SAM+CPD+TZP,SAM->CPD->TZP->CPD->TZP->CPD,1.207464,1.728909,1.573385,1.899806,0.992,0.998,0.99,1.0,1.168779,1.096758,1.235891,0.936205,0.1,500,True
CPD+TZP,CPD->TZP->CPD->TZP->TZP->CPD->TZP->TZP,1.125095,1.791079,1.688574,1.899806,0.814,0.972,0.79,0.984,1.102442,1.021219,1.170094,0.968482,0.1,500,True
CXM+CPD+TZP,CPD->TZP->CPD->TZP->TZP->CPD->TZP->TZP,1.125095,1.791079,1.688574,1.899806,0.814,0.96,0.782,0.968,1.0865,1.01528,1.146386,0.968482,0.1,500,True
CTT+CPD+TZP,CPD->TZP->CPD->TZP->TZP->CPD->TZP->TZP,1.125095,1.791079,1.688574,1.899806,0.814,0.972,0.79,0.982,1.100461,1.020435,1.162047,0.968482,0.1,500,True
CXM+SAM+TZP,CXM->TZP->SAM->SAM->SAM,1.121083,1.795702,1.695959,1.90131,0.796,0.944,0.746,0.954,1.076509,1.004297,1.139872,0.974995,0.1,500,True
CRO+SAM+TZP,CRO->TZP->SAM->SAM->SAM->SAM->SAM->TZP,1.119517,1.781013,1.683262,1.884441,0.78,0.974,0.756,0.976,1.090311,1.017915,1.161152,0.975523,0.1,500,True
CRO+CPD+TZP,CRO->TZP->CPD->TZP->TZP->CPD->TZP,1.116808,1.783172,1.687346,1.884441,0.84,0.98,0.822,0.994,1.094518,1.020731,1.169978,0.967651,0.1,500,True
CRO+TZP+FEP,CRO->FEP->FEP->TZP->FEP,1.115229,1.77603,1.681776,1.875566,0.778,0.984,0.764,0.984,1.081671,1.019166,1.135296,0.981917,0.1,500,True
CPD+TZP+FEP,CPD->TZP->FEP->TZP->CPD->FEP->TZP->FEP,1.111036,1.779379,1.688124,1.875566,0.878,0.976,0.854,0.988,1.088728,1.026641,1.152375,0.972719,0.1,500,True
CEC+ZOX+SAM,CEC->ZOX->CEC->SAM->ZOX->CEC->ZOX->SAM,1.10349,1.599983,1.52311,1.680736,0.914,0.992,0.906,1.0,1.099773,1.044168,1.154067,0.971547,0.1,500,True
