mu,max_log_growth,drugs,rho_fix,rho_low_upper,gain,witness,verdict
0.0001,0.35,CPD+TZP,1.384938,1.306132,1.060336,CPD->TZP->CPD->TZP->TZP,ORDER MATTERS AT SOME DILUTION (proved)
0.0001,0.35,SAM+TZP,1.390615,1.331467,1.044423,SAM->TZP,ORDER MATTERS AT SOME DILUTION (proved)
0.0001,0.35,ZOX+TZP,1.307096,1.253656,1.042627,ZOX->ZOX->ZOX->ZOX->TZP,ORDER MATTERS AT SOME DILUTION (proved)
0.0001,0.35,AMP+TZP,1.324529,1.272618,1.040791,AMP->AMP->AMP->AMP->TZP,ORDER MATTERS AT SOME DILUTION (proved)
0.0001,0.35,CTT+SAM,1.410738,1.360432,1.036978,CTT->SAM->CTT->SAM->SAM,ORDER MATTERS AT SOME DILUTION (proved)
0.0001,0.69,CPD+TZP,1.901026,1.693667,1.122432,CPD->TZP->CPD->TZP->TZP,ORDER MATTERS AT SOME DILUTION (proved)
0.0001,0.69,SAM+TZP,1.916419,1.758955,1.089521,SAM->TZP->SAM->TZP,ORDER MATTERS AT SOME DILUTION (proved)
0.0001,0.69,ZOX+TZP,1.696084,1.562138,1.085746,ZOX->ZOX->ZOX->ZOX->TZP,ORDER MATTERS AT SOME DILUTION (proved)
0.0001,0.69,AMP+TZP,1.741021,1.609045,1.082021,AMP->AMP->AMP->AMP->TZP,ORDER MATTERS AT SOME DILUTION (proved)
0.0001,0.69,CTT+SAM,1.971475,1.835265,1.074218,CTT->SAM->CTT->SAM->SAM,ORDER MATTERS AT SOME DILUTION (proved)
0.0001,1.39,CPD+TZP,3.649182,2.891666,1.261965,CPD->TZP->CPD->TZP->TZP,ORDER MATTERS AT SOME DILUTION (proved)
0.0001,1.39,SAM+TZP,3.70895,3.12052,1.188568,SAM->TZP->SAM->TZP,ORDER MATTERS AT SOME DILUTION (proved)
0.0001,1.39,ZOX+TZP,2.899942,2.457094,1.180232,ZOX->ZOX->ZOX->ZOX->TZP,ORDER MATTERS AT SOME DILUTION (proved)
0.0001,1.39,AMP+TZP,3.05685,2.607978,1.172115,AMP->AMP->AMP->AMP->TZP,ORDER MATTERS AT SOME DILUTION (proved)
0.0001,1.39,CTT+SAM,3.92673,3.39933,1.155148,CTT->SAM->CTT->SAM->SAM,ORDER MATTERS AT SOME DILUTION (proved)
0.001,0.35,CPD+TZP,1.380046,1.301597,1.060271,CPD->TZP->CPD->TZP->TZP,ORDER MATTERS AT SOME DILUTION (proved)
0.001,0.35,SAM+TZP,1.385718,1.327946,1.043505,SAM->TZP,ORDER MATTERS AT SOME DILUTION (proved)
0.001,0.35,ZOX+TZP,1.303501,1.249351,1.043343,ZOX->ZOX->ZOX->ZOX->TZP,ORDER MATTERS AT SOME DILUTION (proved)
0.001,0.35,AMP+TZP,1.319797,1.268832,1.040167,AMP->AMP->AMP->AMP->TZP,ORDER MATTERS AT SOME DILUTION (proved)
0.001,0.35,CTT+SAM,1.40573,1.356087,1.036608,CTT->SAM,ORDER MATTERS AT SOME DILUTION (proved)
0.001,0.69,CPD+TZP,1.894245,1.687678,1.122397,CPD->TZP->CPD->TZP->TZP,ORDER MATTERS AT SOME DILUTION (proved)
0.001,0.69,SAM+TZP,1.909593,1.754069,1.088665,SAM->TZP->SAM->TZP,ORDER MATTERS AT SOME DILUTION (proved)
0.001,0.69,ZOX+TZP,1.691103,1.556643,1.086378,ZOX->ZOX->ZOX->ZOX->TZP,ORDER MATTERS AT SOME DILUTION (proved)
0.001,0.69,AMP+TZP,1.734775,1.603842,1.081637,AMP->AMP->AMP->AMP->TZP,ORDER MATTERS AT SOME DILUTION (proved)
0.001,0.69,CTT+SAM,1.964425,1.829249,1.073897,CTT->SAM->CTT->SAM->SAM,ORDER MATTERS AT SOME DILUTION (proved)
0.001,1.39,CPD+TZP,3.636099,2.881345,1.261945,CPD->TZP->CPD->TZP->TZP,ORDER MATTERS AT SOME DILUTION (proved)
0.001,1.39,SAM+TZP,3.695663,3.111301,1.187819,SAM->TZP,ORDER MATTERS AT SOME DILUTION (proved)
0.001,1.39,ZOX+TZP,2.890778,2.448356,1.180702,ZOX->ZOX->ZOX->ZOX->TZP,ORDER MATTERS AT SOME DILUTION (proved)
0.001,1.39,AMP+TZP,3.04586,2.599089,1.171895,AMP->AMP->AMP->AMP->TZP,ORDER MATTERS AT SOME DILUTION (proved)
0.001,1.39,CTT+SAM,3.912634,3.387673,1.154962,CTT->SAM->CTT->SAM->SAM,ORDER MATTERS AT SOME DILUTION (proved)
0.01,0.35,CPD+TZP,1.34032,1.269205,1.056031,CPD->TZP->CPD->TZP->TZP,ORDER MATTERS AT SOME DILUTION (proved)
0.01,0.35,ZOX+TZP,1.275286,1.226864,1.039468,ZOX->ZOX->ZOX->TZP,ORDER MATTERS AT SOME DILUTION (proved)
0.01,0.35,SAM+TZP,1.346504,1.299753,1.035969,SAM->SAM->TZP,ORDER MATTERS AT SOME DILUTION (proved)
0.01,0.35,CRO+TZP,1.330908,1.292357,1.02983,CRO->CRO->CRO->CRO->TZP,ORDER MATTERS AT SOME DILUTION (proved)
0.01,0.35,CTT+SAM,1.362332,1.323477,1.029358,CTT->SAM->CTT->SAM,ORDER MATTERS AT SOME DILUTION (proved)
0.01,0.69,CPD+TZP,1.832631,1.637544,1.119134,CPD->TZP->CPD->TZP->TZP,ORDER MATTERS AT SOME DILUTION (proved)
0.01,0.69,ZOX+TZP,1.650718,1.518174,1.087305,ZOX->ZOX->ZOX->ZOX->TZP,ORDER MATTERS AT SOME DILUTION (proved)
0.01,0.69,SAM+TZP,1.848322,1.71084,1.080359,SAM->SAM->TZP->SAM->TZP,ORDER MATTERS AT SOME DILUTION (proved)
0.01,0.69,CTT+SAM,1.898547,1.77714,1.068316,CTT->SAM,ORDER MATTERS AT SOME DILUTION (proved)
0.01,0.69,AMP+TZP,1.674592,1.569853,1.066719,AMP->AMP->AMP->AMP->TZP,ORDER MATTERS AT SOME DILUTION (proved)
0.01,1.39,CPD+TZP,3.51082,2.786681,1.259857,CPD->TZP->CPD->TZP->TZP,ORDER MATTERS AT SOME DILUTION (proved)
0.01,1.39,ZOX+TZP,2.816803,2.373068,1.186988,ZOX->ZOX->ZOX->ZOX->TZP,ORDER MATTERS AT SOME DILUTION (proved)
0.01,1.39,SAM+TZP,3.569293,3.034763,1.176136,SAM->TZP,ORDER MATTERS AT SOME DILUTION (proved)
0.01,1.39,AMP+TZP,2.937695,2.533532,1.159525,AMP->AMP->AMP->AMP->TZP,ORDER MATTERS AT SOME DILUTION (proved)
0.01,1.39,CTT+SAM,3.775945,3.281652,1.150623,CTT->SAM->CTT->SAM,ORDER MATTERS AT SOME DILUTION (proved)
