size,drugs,rho_fix,rho_low_upper,rho_low_lower,gain,log10_dilution_window,period,witness,best_fixed_drug,margin,verdict
2,CPD+TZP,1.899806,1.691741,1.375719,1.122989,0.050375,5,CPD->TZP->CPD->TZP->TZP,CPD,-0.408893,HOPELESS (proved)
2,SAM+TZP,1.91527,1.758594,1.418206,1.089092,0.037064,2,SAM->TZP,TZP,-0.431364,HOPELESS (proved)
2,AMP+TZP,1.739171,1.59893,1.371241,1.087709,0.036513,6,AMP->AMP->AMP->AMP->AMP->TZP,AMP,-0.374582,HOPELESS (proved)
2,ZOX+TZP,1.695183,1.559193,1.37058,1.087218,0.036317,6,ZOX->ZOX->ZOX->ZOX->ZOX->TZP,ZOX,-0.358642,HOPELESS (proved)
2,CTT+SAM,1.970519,1.834323,1.463415,1.074249,0.031105,5,CTT->SAM->CTT->SAM->SAM,SAM,-0.45484,HOPELESS (proved)
2,CRO+TZP,1.884441,1.768777,1.398777,1.065392,0.02751,6,CRO->CRO->CRO->CRO->CRO->TZP,CRO,-0.434638,HOPELESS (proved)
2,CXM+TZP,1.90131,1.786399,1.418206,1.064326,0.027075,6,CXM->CXM->CXM->CXM->CXM->TZP,CXM,-0.440215,HOPELESS (proved)
2,TZP+FEP,1.875566,1.763785,1.418206,1.063376,0.026687,6,TZP->FEP->FEP->FEP->FEP->FEP,FEP,-0.433037,HOPELESS (proved)
2,CXM+SAM,1.90131,1.805885,1.463415,1.052841,0.022363,6,CXM->CXM->CXM->CXM->CXM->SAM,CXM,-0.446255,HOPELESS (proved)
2,CXM+CRO,1.884441,1.792492,1.398777,1.051297,0.021725,6,CXM->CXM->CXM->CXM->CXM->CRO,CRO,-0.442117,HOPELESS (proved)
2,CXM+FEP,1.875566,1.79111,1.508983,1.047153,0.02001,6,CXM->CXM->CXM->CXM->CXM->FEP,FEP,-0.441687,HOPELESS (proved)
2,CTT+FEP,1.875566,1.796473,1.625181,1.044027,0.018712,3,CTT->FEP->FEP,FEP,-0.443354,HOPELESS (proved)
2,AM+CEC,1.552765,1.496533,1.337639,1.037575,0.016019,6,AM->AM->AM->AM->AM->CEC,AM,-0.331789,HOPELESS (proved)
2,AMC+CPR,1.453888,1.402055,1.244503,1.03697,0.015766,6,AMC->AMC->AMC->AMC->AMC->CPR,AMC,-0.286761,HOPELESS (proved)
2,AMP+CEC,1.680736,1.622552,1.337639,1.03586,0.015301,6,AMP->AMP->AMP->AMP->AMP->CEC,CEC,-0.383687,HOPELESS (proved)
2,AM+CPR,1.493676,1.442705,1.244503,1.03533,0.015079,5,AM->CPR->AM->CPR->CPR,CPR,-0.306858,HOPELESS (proved)
2,AMP+CAZ,1.739171,1.681147,1.371241,1.034514,0.014737,3,AMP->CAZ->CAZ,AMP,-0.405168,HOPELESS (proved)
2,CRO+CTT,1.884441,1.822266,1.398777,1.034119,0.014571,5,CRO->CRO->CTT->CRO->CTT,CRO,-0.451233,HOPELESS (proved)
2,CTT+TZP,1.91527,1.85419,1.418206,1.032942,0.014076,5,CTT->TZP->CTT->TZP->TZP,TZP,-0.460681,HOPELESS (proved)
2,CEC+TZP,1.680736,1.633361,1.337639,1.029004,0.012417,6,CEC->CEC->CEC->CEC->CEC->TZP,CEC,-0.387766,HOPELESS (proved)
2,CEC+CXM,1.680736,1.634244,1.337639,1.028448,0.012183,5,CEC->CEC->CEC->CEC->CXM,CEC,-0.388096,HOPELESS (proved)
2,AM+CTX,1.552765,1.510628,1.217024,1.027893,0.011948,6,AM->AM->AM->AM->AM->CTX,AM,-0.338024,HOPELESS (proved)
2,CAZ+SAM,1.775229,1.733123,1.463415,1.024295,0.010425,4,CAZ->CAZ->CAZ->SAM,CAZ,-0.423007,HOPELESS (proved)
2,CEC+AMC,1.453888,1.419476,1.293853,1.024243,0.010403,6,CEC->AMC->AMC->AMC->AMC->AMC,AMC,-0.295514,HOPELESS (proved)
2,AMP+CTT,1.739171,1.70156,1.371241,1.022104,0.009495,5,AMP->AMP->CTT->AMP->CTT,AMP,-0.412304,HOPELESS (proved)
2,AM+ZOX,1.552765,1.519626,1.37058,1.021807,0.009369,6,AM->AM->AM->AM->AM->ZOX,AM,-0.341943,HOPELESS (proved)
2,CXM+CPD,1.899806,1.859298,1.375719,1.021787,0.00936,6,CXM->CPD->CPD->CXM->CPD->CPD,CPD,-0.462163,HOPELESS (proved)
2,CTT+CPD,1.899806,1.861911,1.375719,1.020353,0.008751,6,CTT->CPD->CPD->CPD->CPD->CPD,CPD,-0.462917,HOPELESS (proved)
2,CEC+SAM,1.680736,1.653645,1.337639,1.016382,0.007057,3,CEC->SAM->SAM,CEC,-0.395275,HOPELESS (proved)
2,CTX+TZP,1.604193,1.579606,1.217024,1.015565,0.006708,6,CTX->CTX->CTX->CTX->CTX->TZP,CTX,-0.366931,HOPELESS (proved)
2,CRO+CAZ,1.775229,1.748791,1.398777,1.015118,0.006517,5,CRO->CAZ->CRO->CAZ->CAZ,CAZ,-0.428176,HOPELESS (proved)
2,CTX+AMC,1.453888,1.433323,1.217024,1.014348,0.006187,6,CTX->AMC->AMC->AMC->AMC->AMC,AMC,-0.30232,HOPELESS (proved)
2,CAZ+FEP,1.775229,1.751118,1.491144,1.013769,0.005939,5,CAZ->CAZ->FEP->CAZ->FEP,CAZ,-0.428936,HOPELESS (proved)
2,CAZ+TZP,1.775229,1.751981,1.418206,1.01327,0.005725,6,CAZ->CAZ->CAZ->CAZ->CAZ->TZP,CAZ,-0.429217,HOPELESS (proved)
2,AMP+ZOX,1.695183,1.677084,1.37058,1.010792,0.004662,5,AMP->ZOX->ZOX->ZOX->ZOX,ZOX,-0.403727,HOPELESS (proved)
2,AM+CXM,1.552765,1.536525,1.385779,1.010569,0.004566,6,AM->AM->AM->AM->AM->CXM,AM,-0.349181,HOPELESS (proved)
2,ZOX+AMC,1.453888,1.441849,1.293853,1.00835,0.003611,6,ZOX->AMC->AMC->AMC->AMC->AMC,AMC,-0.306446,HOPELESS (proved)
2,CEC+CTX,1.604193,1.599738,1.217024,1.002785,0.001208,6,CEC->CTX->CTX->CTX->CTX->CTX,CTX,-0.374898,HOPELESS (proved)
2,CAZ+CPD,1.775229,1.772503,1.375719,1.001538,0.000667,2,CAZ->CPD,CAZ,-0.435826,HOPELESS (proved)
2,ZOX+CAZ,1.695183,1.692689,1.37058,1.001473,0.000639,6,ZOX->ZOX->ZOX->ZOX->ZOX->CAZ,ZOX,-0.409224,HOPELESS (proved)
2,CXM+CAZ,1.775229,1.7733,1.491144,1.001088,0.000472,6,CXM->CXM->CXM->CXM->CXM->CAZ,CAZ,-0.43608,HOPELESS (proved)
2,AM+CRO,1.552765,1.55173,1.385779,1.000667,0.00029,6,AM->AM->AM->AM->AM->CRO,AM,-0.355558,HOPELESS (proved)
2,AMP+AM,1.552765,1.552765,1.371241,1.0,0.0,3,AM->AM->AM,AM,-0.355988,HOPELESS (proved)
2,AMP+CTX,1.604193,1.604193,1.217024,1.0,0.0,3,CTX->CTX->CTX,CTX,-0.376634,HOPELESS (proved)
2,AMP+CXM,1.739171,1.739171,1.371241,1.0,0.0,3,AMP->AMP->AMP,AMP,-0.425013,HOPELESS (proved)
2,AMP+CRO,1.739171,1.739171,1.371241,1.0,0.0,3,AMP->AMP->AMP,AMP,-0.425013,HOPELESS (proved)
2,AMP+AMC,1.453888,1.453888,1.293853,1.0,0.0,5,AMC->AMC->AMC->AMC->AMC,AMC,-0.312189,HOPELESS (proved)
2,AMP+SAM,1.739171,1.739171,1.371241,1.0,0.0,3,AMP->AMP->AMP,AMP,-0.425013,HOPELESS (proved)
2,AMP+CPR,1.493676,1.493676,1.244503,1.0,0.0,1,CPR,CPR,-0.330511,HOPELESS (proved)
2,AMP+CPD,1.739171,1.739171,1.371241,1.0,0.0,3,AMP->AMP->AMP,AMP,-0.425013,HOPELESS (proved)
2,AMP+FEP,1.739171,1.739171,1.371241,1.0,0.0,3,AMP->AMP->AMP,AMP,-0.425013,HOPELESS (proved)
2,AM+AMC,1.453888,1.453888,1.293853,1.0,0.0,5,AMC->AMC->AMC->AMC->AMC,AMC,-0.312189,HOPELESS (proved)
2,AM+CAZ,1.552765,1.552765,1.385779,1.0,0.0,3,AM->AM->AM,AM,-0.355988,HOPELESS (proved)
2,AM+CTT,1.552765,1.552765,1.385779,1.0,0.0,3,AM->AM->AM,AM,-0.355988,HOPELESS (proved)
2,AM+SAM,1.552765,1.552765,1.385779,1.0,0.0,3,AM->AM->AM,AM,-0.355988,HOPELESS (proved)
2,AM+CPD,1.552765,1.552765,1.375719,1.0,0.0,3,AM->AM->AM,AM,-0.355988,HOPELESS (proved)
2,AM+TZP,1.552765,1.552765,1.385779,1.0,0.0,3,AM->AM->AM,AM,-0.355988,HOPELESS (proved)
2,AM+FEP,1.552765,1.552765,1.385779,1.0,0.0,3,AM->AM->AM,AM,-0.355988,HOPELESS (proved)
2,CEC+ZOX,1.680736,1.680736,1.337639,1.0,0.0,3,CEC->CEC->CEC,CEC,-0.405022,HOPELESS (proved)
2,CEC+CRO,1.680736,1.680736,1.337639,1.0,0.0,3,CEC->CEC->CEC,CEC,-0.405022,HOPELESS (proved)
2,CEC+CAZ,1.680736,1.680736,1.337639,1.0,0.0,3,CEC->CEC->CEC,CEC,-0.405022,HOPELESS (proved)
2,CEC+CTT,1.680736,1.680736,1.337639,1.0,0.0,3,CEC->CEC->CEC,CEC,-0.405022,HOPELESS (proved)
2,CEC+CPR,1.493676,1.493676,1.244503,1.0,0.0,1,CPR,CPR,-0.330511,HOPELESS (proved)
2,CEC+CPD,1.680736,1.680736,1.337639,1.0,0.0,3,CEC->CEC->CEC,CEC,-0.405022,HOPELESS (proved)
2,CEC+FEP,1.680736,1.680736,1.337639,1.0,0.0,3,CEC->CEC->CEC,CEC,-0.405022,HOPELESS (proved)
2,CTX+ZOX,1.604193,1.604193,1.217024,1.0,0.0,3,CTX->CTX->CTX,CTX,-0.376634,HOPELESS (proved)
2,CTX+CXM,1.604193,1.604193,1.217024,1.0,0.0,3,CTX->CTX->CTX,CTX,-0.376634,HOPELESS (proved)
2,CTX+CRO,1.604193,1.604193,1.217024,1.0,0.0,3,CTX->CTX->CTX,CTX,-0.376634,HOPELESS (proved)
2,CTX+CAZ,1.604193,1.604193,1.217024,1.0,0.0,3,CTX->CTX->CTX,CTX,-0.376634,HOPELESS (proved)
2,CTX+CTT,1.604193,1.604193,1.217024,1.0,0.0,3,CTX->CTX->CTX,CTX,-0.376634,HOPELESS (proved)
2,CTX+SAM,1.604193,1.604193,1.217024,1.0,0.0,3,CTX->CTX->CTX,CTX,-0.376634,HOPELESS (proved)
2,CTX+CPR,1.493676,1.493676,1.217024,1.0,0.0,1,CPR,CPR,-0.330511,HOPELESS (proved)
2,CTX+CPD,1.604193,1.604193,1.217024,1.0,0.0,3,CTX->CTX->CTX,CTX,-0.376634,HOPELESS (proved)
2,CTX+FEP,1.604193,1.604193,1.217024,1.0,0.0,3,CTX->CTX->CTX,CTX,-0.376634,HOPELESS (proved)
2,ZOX+CXM,1.695183,1.695183,1.37058,1.0,0.0,2,ZOX->ZOX,ZOX,-0.410093,HOPELESS (proved)
2,ZOX+CRO,1.695183,1.695183,1.37058,1.0,0.0,2,ZOX->ZOX,ZOX,-0.410093,HOPELESS (proved)
2,ZOX+CTT,1.695183,1.695183,1.37058,1.0,0.0,2,ZOX->ZOX,ZOX,-0.410093,HOPELESS (proved)
2,ZOX+SAM,1.695183,1.695183,1.37058,1.0,0.0,2,ZOX->ZOX,ZOX,-0.410093,HOPELESS (proved)
2,ZOX+CPR,1.493676,1.493676,1.244503,1.0,0.0,1,CPR,CPR,-0.330511,HOPELESS (proved)
2,ZOX+CPD,1.695183,1.695183,1.37058,1.0,0.0,2,ZOX->ZOX,ZOX,-0.410093,HOPELESS (proved)
2,ZOX+FEP,1.695183,1.695183,1.37058,1.0,0.0,2,ZOX->ZOX,ZOX,-0.410093,HOPELESS (proved)
2,CXM+AMC,1.453888,1.453888,1.293853,1.0,0.0,5,AMC->AMC->AMC->AMC->AMC,AMC,-0.312189,HOPELESS (proved)
2,CXM+CTT,1.90131,1.90131,1.508983,1.0,0.0,3,CXM->CXM->CXM,CXM,-0.474047,HOPELESS (proved)
2,CXM+CPR,1.493676,1.493676,1.244503,1.0,0.0,1,CPR,CPR,-0.330511,HOPELESS (proved)
2,CRO+AMC,1.453888,1.453888,1.293853,1.0,0.0,5,AMC->AMC->AMC->AMC->AMC,AMC,-0.312189,HOPELESS (proved)
2,CRO+SAM,1.884441,1.884441,1.398777,1.0,0.0,1,CRO,CRO,-0.469339,HOPELESS (proved)
2,CRO+CPR,1.493676,1.493676,1.244503,1.0,0.0,1,CPR,CPR,-0.330511,HOPELESS (proved)
2,CRO+CPD,1.884441,1.884441,1.375719,1.0,0.0,1,CRO,CRO,-0.469339,HOPELESS (proved)
2,CRO+FEP,1.875566,1.875566,1.398777,1.0,0.0,1,FEP,FEP,-0.466828,HOPELESS (proved)
2,AMC+CAZ,1.453888,1.453888,1.293853,1.0,0.0,5,AMC->AMC->AMC->AMC->AMC,AMC,-0.312189,HOPELESS (proved)
2,AMC+CTT,1.453888,1.453888,1.293853,1.0,0.0,5,AMC->AMC->AMC->AMC->AMC,AMC,-0.312189,HOPELESS (proved)
2,AMC+SAM,1.453888,1.453888,1.293853,1.0,0.0,5,AMC->AMC->AMC->AMC->AMC,AMC,-0.312189,HOPELESS (proved)
2,AMC+CPD,1.453888,1.453888,1.293853,1.0,0.0,5,AMC->AMC->AMC->AMC->AMC,AMC,-0.312189,HOPELESS (proved)
2,AMC+TZP,1.453888,1.453888,1.293853,1.0,0.0,5,AMC->AMC->AMC->AMC->AMC,AMC,-0.312189,HOPELESS (proved)
2,AMC+FEP,1.453888,1.453888,1.293853,1.0,0.0,5,AMC->AMC->AMC->AMC->AMC,AMC,-0.312189,HOPELESS (proved)
2,CAZ+CTT,1.775229,1.775229,1.491144,1.0,0.0,3,CAZ->CAZ->CAZ,CAZ,-0.436692,HOPELESS (proved)
2,CAZ+CPR,1.493676,1.493676,1.244503,1.0,0.0,1,CPR,CPR,-0.330511,HOPELESS (proved)
2,CTT+CPR,1.493676,1.493676,1.244503,1.0,0.0,1,CPR,CPR,-0.330511,HOPELESS (proved)
2,SAM+CPR,1.493676,1.493676,1.244503,1.0,0.0,1,CPR,CPR,-0.330511,HOPELESS (proved)
2,SAM+CPD,1.899806,1.899806,1.375719,1.0,0.0,2,CPD->CPD,CPD,-0.473631,HOPELESS (proved)
2,SAM+FEP,1.875566,1.875566,1.463415,1.0,0.0,1,FEP,FEP,-0.466828,HOPELESS (proved)
2,CPR+CPD,1.493676,1.493676,1.244503,1.0,0.0,1,CPR,CPR,-0.330511,HOPELESS (proved)
2,CPR+TZP,1.493676,1.493676,1.244503,1.0,0.0,1,CPR,CPR,-0.330511,HOPELESS (proved)
2,CPR+FEP,1.493676,1.493676,1.244503,1.0,0.0,1,CPR,CPR,-0.330511,HOPELESS (proved)
2,CPD+FEP,1.875566,1.875566,1.375719,1.0,0.0,1,FEP,FEP,-0.466828,HOPELESS (proved)
