drugs,witness,gain,p_contract,median_radius,q05,q95,rel_noise
CPD+TZP,CPD->TZP->CPD->TZP->TZP,1.122989,0.0,1.7754653425421498,1.653382237358576,1.9436542880557421,0.1
SAM+TZP,SAM->TZP,1.089092,0.0,1.8692892621303916,1.7470171901630371,2.05027885742026,0.1
AMP+TZP,AMP->AMP->AMP->AMP->AMP->TZP,1.087709,0.0,1.771667520824227,1.6390458247376611,1.9313284301272138,0.1
ZOX+TZP,ZOX->ZOX->ZOX->ZOX->ZOX->TZP,1.087218,0.0,1.7150253009126502,1.5862752956393524,1.8911155966853297,0.1
CTT+SAM,CTT->SAM->CTT->SAM->SAM,1.074249,0.0,1.9401709781195131,1.8014489409766246,2.132758138395474,0.1
CRO+TZP,CRO->CRO->CRO->CRO->CRO->TZP,1.065392,0.0,1.8832577424553667,1.7264048249748984,2.081376851991731,0.1
CXM+TZP,CXM->CXM->CXM->CXM->CXM->TZP,1.064326,0.0,1.8847103993204541,1.7386619420017249,2.1229580395648817,0.1
TZP+FEP,TZP->FEP->FEP->FEP->FEP->FEP,1.063376,0.0,1.9236468612411093,1.7952175586606847,2.1124668023053945,0.1
CXM+SAM,CXM->CXM->CXM->CXM->CXM->SAM,1.052841,0.0,1.9090209297959762,1.745566791896069,2.1183824534146534,0.1
CXM+CRO,CXM->CXM->CXM->CXM->CXM->CRO,1.051297,0.0,1.9241552393518904,1.7678712960842475,2.145712728625086,0.1
