genotype,AMP,AM,CEC,CTX,ZOX,CXM,CRO,AMC,CAZ,CTT,SAM,CPR,CPD,TZP,FEP
0000,1.851,1.778,2.258,0.160,0.993,1.748,1.092,1.435,2.134,2.125,1.879,1.743,0.595,2.679,2.590
1000,1.570,1.720,0.234,0.185,1.106,0.423,0.830,1.417,0.288,3.238,2.198,1.553,0.432,2.709,2.067
0100,2.024,1.448,2.396,1.653,1.698,2.940,2.880,1.672,2.042,3.291,2.456,2.018,1.761,3.038,2.440
0010,1.948,2.042,2.151,1.936,2.069,2.070,2.554,1.061,2.618,2.804,0.133,1.763,2.604,2.427,2.393
0001,2.082,1.782,1.996,0.085,0.805,1.700,0.287,1.573,2.656,1.922,2.533,1.662,0.245,2.906,2.572
1100,2.186,1.557,2.150,0.225,1.116,2.024,1.407,1.377,2.630,0.546,2.504,0.223,0.638,2.453,2.735
1010,0.051,1.799,2.242,1.969,1.894,1.911,3.173,1.538,1.604,2.883,2.308,0.165,2.651,0.172,2.957
1001,2.165,2.008,0.172,0.140,1.171,1.578,0.540,1.351,0.576,2.966,2.570,0.256,0.388,2.500,2.446
0110,2.033,1.184,2.230,2.295,2.138,2.918,2.732,0.073,2.924,3.082,0.083,2.042,2.910,2.528,2.652
0101,2.198,1.544,1.846,0.138,2.010,2.173,0.656,1.625,2.756,2.888,2.437,2.050,1.471,3.309,2.808
0011,2.434,1.752,2.648,2.348,2.683,1.938,3.042,1.457,2.688,0.588,0.094,1.785,3.043,0.141,2.832
1110,0.088,1.768,2.640,0.119,1.103,1.591,2.740,1.307,2.893,3.193,2.528,1.811,0.963,0.609,2.796
1101,2.322,2.247,0.095,0.092,1.105,1.678,0.751,1.914,2.677,3.181,3.002,0.239,0.986,2.739,2.863
1011,0.083,2.005,0.093,0.203,0.681,2.754,1.153,1.590,1.378,0.890,2.886,0.221,1.103,0.093,2.633
0111,0.034,0.063,0.214,2.269,2.688,3.272,0.436,0.068,0.251,3.508,0.094,0.218,3.096,0.143,0.611
1111,2.821,2.047,0.516,2.412,2.591,2.923,3.227,1.728,2.563,2.543,3.453,0.288,3.268,0.171,3.203
